camera_id,district,department,nearest_station,camera_type,vendor,ownership,latitude,longitude,storage_type,retention_days,install_year,connectivity_status,is_synthetic
CAM00001,Ahmedabad City,Home Department - Police,Airport,IP Bullet,CP Plus,Government,23.07639,72.624545,Cloud,30,2019,Offline,TRUE
CAM00002,Ahmedabad City,Home Department - Police,Airport,IP Dome,CP Plus,Government,23.076346,72.623969,Cloud,30,2016,Offline,TRUE
CAM00003,Ahmedabad City,Home Department - Police,Airport,IP PTZ,CP Plus,Government,23.076238,72.623568,Local NVR,30,2024,Active,TRUE
CAM00004,Ahmedabad City,Home Department - Police,Airport,IP PTZ,Dahua,Government,23.077647,72.623222,Local NVR,7,2018,Active,TRUE
CAM00005,Ahmedabad City,Home Department - Police,Amraiwadi,Analog PTZ,Honeywell,Government,23.006068,72.624659,Local NVR,7,2021,Maintenance,TRUE
CAM00006,Ahmedabad City,Home Department - Police,Amraiwadi,IP Dome,Honeywell,Government,23.006849,72.625727,Local NVR,30,2022,Offline,TRUE
CAM00007,Ahmedabad City,Home Department - Police,Amraiwadi,IP Dome,Hikvision,Government,23.007478,72.624626,Cloud,15,2019,Active,TRUE
CAM00008,Ahmedabad City,Home Department - Police,Anandnagar,Analog PTZ,CP Plus,Government,23.024303,72.532916,Local NVR,15,2023,Active,TRUE
CAM00009,Ahmedabad City,Home Department - Police,Anandnagar,Analog Dome,CP Plus,Government,23.023949,72.533495,Cloud,7,2017,Maintenance,TRUE
CAM00010,Ahmedabad City,Home Department - Police,Bapunagar,IP Bullet,Dahua,Government,23.031954,72.632031,Cloud,7,2024,Active,TRUE
CAM00011,Ahmedabad City,Home Department - Police,Bapunagar,IP Bullet,Honeywell,Government,23.032917,72.631087,Local NVR,7,2017,Maintenance,TRUE
CAM00012,Ahmedabad City,Home Department - Police,Bapunagar,IP Bullet,Dahua,Government,23.03218,72.632011,Cloud,7,2023,Offline,TRUE
CAM00013,Ahmedabad City,Home Department - Police,Bodakdev,IP PTZ,Dahua,Government,23.036673,72.516452,Cloud,7,2025,Offline,TRUE
CAM00014,Ahmedabad City,Home Department - Police,Bodakdev,IP Bullet,CP Plus,Government,23.037088,72.51676,Local NVR,30,2017,Active,TRUE
CAM00015,Ahmedabad City,Home Department - Police,Bodakdev,Analog Dome,Dahua,Government,23.036893,72.516473,Cloud,30,2023,Active,TRUE
CAM00016,Ahmedabad City,Home Department - Police,Bodakdev,Analog PTZ,Hikvision,Government,23.037427,72.516367,Local NVR,15,2020,Active,TRUE
CAM00017,Ahmedabad City,Home Department - Police,Chandkheda,Analog Dome,CP Plus,Government,23.113933,72.581382,Cloud,30,2020,Active,TRUE
CAM00018,Ahmedabad City,Home Department - Police,Chandkheda,IP Bullet,Dahua,Government,23.115442,72.580996,Cloud,30,2019,Offline,TRUE
CAM00019,Ahmedabad City,Home Department - Police,Chandkheda,IP Dome,Hikvision,Government,23.11558,72.58116,Local NVR,15,2023,Active,TRUE
CAM00020,Ahmedabad City,Home Department - Police,Danilimda,IP Dome,Bosch,Government,22.997215,72.579905,Cloud,30,2017,Active,TRUE
CAM00021,Ahmedabad City,Home Department - Police,Danilimda,IP Bullet,Dahua,Government,22.997012,72.57974,Local NVR,7,2024,Offline,TRUE
CAM00022,Ahmedabad City,Home Department - Police,Dariapur,Analog PTZ,Bosch,Government,23.035236,72.596463,Local NVR,7,2022,Active,TRUE
CAM00023,Ahmedabad City,Home Department - Police,Dariapur,Analog Dome,CP Plus,Government,23.034398,72.595789,Cloud,7,2025,Active,TRUE
CAM00024,Ahmedabad City,Home Department - Police,Dariapur,IP Dome,Dahua,Government,23.035268,72.595286,Cloud,30,2017,Active,TRUE
CAM00025,Ahmedabad City,Home Department - Police,Dariapur,IP Bullet,Honeywell,Government,23.034495,72.596054,Local NVR,7,2024,Maintenance,TRUE
CAM00026,Ahmedabad City,Home Department - Police,Ellisbridge,Analog PTZ,Bosch,Government,23.022191,72.570889,Local NVR,15,2022,Active,TRUE
CAM00027,Ahmedabad City,Home Department - Police,Ellisbridge,IP Dome,Bosch,Government,23.02306,72.572486,Local NVR,7,2017,Active,TRUE
CAM00028,Ahmedabad City,Home Department - Police,Ellisbridge,IP PTZ,CP Plus,Government,23.022193,72.57168,Local NVR,15,2018,Active,TRUE
CAM00029,Ahmedabad City,Home Department - Police,Gaikwad Haveli,IP Dome,Hikvision,Government,23.016098,72.580395,Cloud,7,2024,Active,TRUE
CAM00030,Ahmedabad City,Home Department - Police,Gaikwad Haveli,IP PTZ,Hikvision,Government,23.015599,72.579719,Cloud,15,2019,Active,TRUE
CAM00031,Ahmedabad City,Home Department - Police,Ghatlodia,Analog PTZ,Bosch,Government,23.057186,72.543909,Local NVR,7,2023,Active,TRUE
CAM00032,Ahmedabad City,Home Department - Police,Ghatlodia,Analog Dome,Hikvision,Government,23.057243,72.544242,Local NVR,7,2025,Active,TRUE
CAM00033,Ahmedabad City,Home Department - Police,Ghatlodia,IP Bullet,Hikvision,Government,23.057761,72.543403,Cloud,7,2024,Active,TRUE
CAM00034,Ahmedabad City,Home Department - Police,Gomtipur,IP Dome,Honeywell,Government,23.020201,72.612998,Cloud,30,2022,Offline,TRUE
CAM00035,Ahmedabad City,Home Department - Police,Gomtipur,Analog Dome,Honeywell,Government,23.020151,72.611595,Local NVR,15,2025,Active,TRUE
CAM00036,Ahmedabad City,Home Department - Police,Gomtipur,IP PTZ,CP Plus,Government,23.021285,72.612013,Local NVR,15,2020,Active,TRUE
CAM00037,Ahmedabad City,Home Department - Police,Gomtipur,IP PTZ,Honeywell,Government,23.021751,72.613131,Cloud,7,2016,Offline,TRUE
CAM00038,Ahmedabad City,Home Department - Police,Gujarat University,IP Dome,CP Plus,Government,23.03521,72.53907,Local NVR,15,2021,Active,TRUE
CAM00039,Ahmedabad City,Home Department - Police,Gujarat University,Analog Dome,Honeywell,Government,23.035088,72.53981,Cloud,30,2020,Offline,TRUE
CAM00040,Ahmedabad City,Home Department - Police,Isanpur,Analog PTZ,Hikvision,Government,22.993805,72.59568,Cloud,30,2018,Offline,TRUE
CAM00041,Ahmedabad City,Home Department - Police,Isanpur,Analog PTZ,CP Plus,Government,22.992408,72.596001,Local NVR,30,2019,Maintenance,TRUE
CAM00042,Ahmedabad City,Home Department - Police,Isanpur,IP Dome,Bosch,Government,22.99258,72.597129,Local NVR,7,2016,Active,TRUE
CAM00043,Ahmedabad City,Home Department - Police,Kagadapith,IP Bullet,Bosch,Government,23.01866,72.598325,Local NVR,30,2020,Active,TRUE
CAM00044,Ahmedabad City,Home Department - Police,Kagadapith,Analog Dome,Hikvision,Government,23.017473,72.598879,Local NVR,30,2018,Offline,TRUE
CAM00045,Ahmedabad City,Home Department - Police,Kagadapith,Analog PTZ,Hikvision,Government,23.017539,72.597407,Local NVR,7,2020,Active,TRUE
CAM00046,Ahmedabad City,Home Department - Police,Kalupur,Analog Dome,CP Plus,Government,23.027481,72.594368,Cloud,7,2022,Active,TRUE
CAM00047,Ahmedabad City,Home Department - Police,Kalupur,IP PTZ,CP Plus,Government,23.028883,72.593009,Local NVR,7,2021,Active,TRUE
CAM00048,Ahmedabad City,Home Department - Police,Kalupur,IP Bullet,CP Plus,Government,23.027985,72.593034,Local NVR,15,2023,Active,TRUE
CAM00049,Ahmedabad City,Home Department - Police,Kalupur,IP Dome,CP Plus,Government,23.028773,72.594532,Local NVR,15,2019,Active,TRUE
CAM00050,Ahmedabad City,Home Department - Police,Karanj,IP PTZ,Honeywell,Government,23.025335,72.581667,Local NVR,7,2024,Active,TRUE
CAM00051,Ahmedabad City,Home Department - Police,Karanj,Analog PTZ,Hikvision,Government,23.025174,72.581635,Cloud,30,2025,Maintenance,TRUE
CAM00052,Ahmedabad City,Home Department - Police,Khadia,Analog Dome,Hikvision,Government,23.017691,72.593964,Local NVR,30,2025,Active,TRUE
CAM00053,Ahmedabad City,Home Department - Police,Khadia,Analog Dome,Honeywell,Government,23.016839,72.594675,Cloud,15,2016,Maintenance,TRUE
CAM00054,Ahmedabad City,Home Department - Police,Khadia,Analog Dome,Dahua,Government,23.016506,72.594595,Cloud,30,2021,Active,TRUE
CAM00055,Ahmedabad City,Home Department - Police,Khokhara,Analog PTZ,Honeywell,Government,22.99392,72.620706,Cloud,7,2022,Maintenance,TRUE
CAM00056,Ahmedabad City,Home Department - Police,Khokhara,Analog Dome,Honeywell,Government,22.99456,72.620653,Local NVR,15,2018,Offline,TRUE
CAM00057,Ahmedabad City,Home Department - Police,Khokhara,IP PTZ,Honeywell,Government,22.994864,72.620518,Local NVR,15,2019,Maintenance,TRUE
CAM00058,Ahmedabad City,Home Department - Police,Khokhara,IP Bullet,Hikvision,Government,22.994159,72.620356,Local NVR,30,2023,Offline,TRUE
CAM00059,Ahmedabad City,Home Department - Police,Krishnanagar,Analog PTZ,CP Plus,Government,23.073806,72.655599,Cloud,7,2019,Active,TRUE
CAM00060,Ahmedabad City,Home Department - Police,Krishnanagar,IP Dome,Bosch,Government,23.073721,72.655656,Local NVR,30,2025,Offline,TRUE
CAM00061,Ahmedabad City,Home Department - Police,Krishnanagar,IP PTZ,CP Plus,Government,23.073988,72.655138,Cloud,30,2023,Active,TRUE
CAM00062,Ahmedabad City,Home Department - Police,Madhavpura,IP PTZ,Hikvision,Government,23.04347,72.581702,Cloud,7,2024,Maintenance,TRUE
CAM00063,Ahmedabad City,Home Department - Police,Madhavpura,Analog Dome,Honeywell,Government,23.042309,72.582144,Local NVR,15,2024,Offline,TRUE
CAM00064,Ahmedabad City,Home Department - Police,Mahila West,IP PTZ,CP Plus,Government,23.029863,72.541232,Local NVR,15,2024,Active,TRUE
CAM00065,Ahmedabad City,Home Department - Police,Mahila West,Analog Dome,Bosch,Government,23.02961,72.541976,Cloud,15,2020,Maintenance,TRUE
CAM00066,Ahmedabad City,Home Department - Police,Mahila West,Analog PTZ,Dahua,Government,23.028396,72.540978,Cloud,7,2020,Active,TRUE
CAM00067,Ahmedabad City,Home Department - Police,Mahila West,IP Dome,Bosch,Government,23.028673,72.541713,Local NVR,15,2019,Offline,TRUE
CAM00068,Ahmedabad City,Home Department - Police,Mahila East,IP PTZ,Honeywell,Government,23.054703,72.594317,Cloud,30,2022,Maintenance,TRUE
CAM00069,Ahmedabad City,Home Department - Police,Mahila East,IP PTZ,Bosch,Government,23.054814,72.595642,Cloud,15,2020,Active,TRUE
CAM00070,Ahmedabad City,Home Department - Police,Mahila East,Analog PTZ,Bosch,Government,23.054446,72.594819,Cloud,15,2022,Active,TRUE
CAM00071,Ahmedabad City,Home Department - Police,Maninagar,Analog Dome,Hikvision,Government,22.998747,72.602915,Cloud,30,2025,Maintenance,TRUE
CAM00072,Ahmedabad City,Home Department - Police,Maninagar,Analog PTZ,Bosch,Government,22.99803,72.602114,Local NVR,7,2016,Maintenance,TRUE
CAM00073,Ahmedabad City,Home Department - Police,Maninagar,Analog PTZ,Bosch,Government,22.998374,72.602653,Local NVR,7,2022,Maintenance,TRUE
CAM00074,Ahmedabad City,Home Department - Police,Maninagar,IP Bullet,Hikvision,Government,22.997821,72.602254,Cloud,7,2021,Active,TRUE
CAM00075,Ahmedabad City,Home Department - Police,Meghaninagar,IP Bullet,Bosch,Government,23.058377,72.617896,Cloud,30,2019,Active,TRUE
CAM00076,Ahmedabad City,Home Department - Police,Meghaninagar,IP Bullet,Honeywell,Government,23.057703,72.617239,Cloud,7,2021,Active,TRUE
CAM00077,Ahmedabad City,Home Department - Police,Naranpura,IP PTZ,Bosch,Government,23.063557,72.566974,Cloud,7,2025,Offline,TRUE
CAM00078,Ahmedabad City,Home Department - Police,Naranpura,Analog PTZ,Honeywell,Government,23.063758,72.566431,Cloud,30,2017,Active,TRUE
CAM00079,Ahmedabad City,Home Department - Police,Naroda,Analog Dome,Dahua,Government,23.078386,72.656657,Cloud,15,2017,Maintenance,TRUE
CAM00080,Ahmedabad City,Home Department - Police,Naroda,IP Bullet,Bosch,Government,23.077617,72.657195,Cloud,30,2023,Offline,TRUE
CAM00081,Ahmedabad City,Home Department - Police,Naroda,IP PTZ,Bosch,Government,23.079165,72.655952,Local NVR,30,2024,Offline,TRUE
CAM00082,Ahmedabad City,Home Department - Police,Navrangpura,Analog PTZ,Bosch,Government,23.034634,72.566789,Cloud,15,2017,Offline,TRUE
CAM00083,Ahmedabad City,Home Department - Police,Navrangpura,IP PTZ,Dahua,Government,23.035153,72.567029,Cloud,15,2016,Active,TRUE
CAM00084,Ahmedabad City,Home Department - Police,Navrangpura,Analog Dome,Dahua,Government,23.034693,72.566812,Cloud,30,2020,Active,TRUE
CAM00085,Ahmedabad City,Home Department - Police,Nikol,IP Bullet,Bosch,Government,23.043697,72.676954,Local NVR,15,2024,Active,TRUE
CAM00086,Ahmedabad City,Home Department - Police,Nikol,Analog PTZ,Honeywell,Government,23.04343,72.676621,Local NVR,15,2019,Offline,TRUE
CAM00087,Ahmedabad City,Home Department - Police,Odhav,Analog PTZ,Dahua,Government,23.026004,72.674754,Local NVR,15,2024,Active,TRUE
CAM00088,Ahmedabad City,Home Department - Police,Odhav,Analog PTZ,Hikvision,Government,23.025838,72.673177,Cloud,7,2019,Active,TRUE
CAM00089,Ahmedabad City,Home Department - Police,Odhav,Analog Dome,Honeywell,Government,23.026714,72.673458,Local NVR,7,2025,Active,TRUE
CAM00090,Ahmedabad City,Home Department - Police,Odhav,IP Dome,Honeywell,Government,23.025918,72.67361,Cloud,15,2020,Active,TRUE
CAM00091,Ahmedabad City,Home Department - Police,Paldi,IP PTZ,Hikvision,Government,23.005253,72.552988,Cloud,30,2018,Active,TRUE
CAM00092,Ahmedabad City,Home Department - Police,Paldi,IP Dome,Dahua,Government,23.005102,72.552526,Local NVR,7,2018,Active,TRUE
CAM00093,Ahmedabad City,Home Department - Police,Rakhial,IP Bullet,CP Plus,Government,23.02159,72.623071,Local NVR,7,2016,Active,TRUE
CAM00094,Ahmedabad City,Home Department - Police,Rakhial,Analog Dome,Honeywell,Government,23.020918,72.623408,Cloud,30,2025,Maintenance,TRUE
CAM00095,Ahmedabad City,Home Department - Police,Rakhial,IP PTZ,Dahua,Government,23.021516,72.622829,Cloud,30,2025,Active,TRUE
CAM00096,Ahmedabad City,Home Department - Police,Ramol,IP Bullet,CP Plus,Government,22.989572,72.64189,Cloud,30,2017,Active,TRUE
CAM00097,Ahmedabad City,Home Department - Police,Ramol,IP PTZ,Dahua,Government,22.988728,72.642149,Cloud,7,2025,Active,TRUE
CAM00098,Ahmedabad City,Home Department - Police,Ranip,IP Bullet,Dahua,Government,23.080055,72.578575,Cloud,15,2017,Active,TRUE
CAM00099,Ahmedabad City,Home Department - Police,Ranip,IP Bullet,Hikvision,Government,23.080526,72.578194,Cloud,7,2020,Active,TRUE
CAM00100,Ahmedabad City,Home Department - Police,Ranip,IP PTZ,Hikvision,Government,23.080617,72.578512,Local NVR,30,2020,Active,TRUE
CAM00101,Ahmedabad City,Home Department - Police,Ranip,Analog Dome,Bosch,Government,23.080806,72.578725,Local NVR,7,2024,Offline,TRUE
CAM00102,Ahmedabad City,Home Department - Police,Sabarmati,Analog PTZ,Hikvision,Government,23.086075,72.592188,Cloud,7,2025,Offline,TRUE
CAM00103,Ahmedabad City,Home Department - Police,Sabarmati,Analog Dome,Hikvision,Government,23.085531,72.590903,Cloud,15,2020,Offline,TRUE
CAM00104,Ahmedabad City,Home Department - Police,Sardarnagar,IP PTZ,Bosch,Government,23.084194,72.636907,Cloud,15,2025,Active,TRUE
CAM00105,Ahmedabad City,Home Department - Police,Sardarnagar,IP Bullet,Dahua,Government,23.084133,72.636984,Local NVR,30,2017,Maintenance,TRUE
CAM00106,Ahmedabad City,Home Department - Police,Sardarnagar,IP Dome,Bosch,Government,23.083917,72.638107,Cloud,15,2024,Active,TRUE
CAM00107,Ahmedabad City,Home Department - Police,Sardarnagar,Analog Dome,Hikvision,Government,23.08398,72.638152,Local NVR,15,2022,Active,TRUE
CAM00108,Ahmedabad City,Home Department - Police,Satellite,IP PTZ,Hikvision,Government,23.027557,72.511238,Cloud,15,2023,Offline,TRUE
CAM00109,Ahmedabad City,Home Department - Police,Satellite,IP Dome,Hikvision,Government,23.02686,72.510635,Cloud,30,2023,Active,TRUE
CAM00110,Ahmedabad City,Home Department - Police,Shahibag,IP Bullet,Hikvision,Government,23.055085,72.593225,Local NVR,7,2017,Active,TRUE
CAM00111,Ahmedabad City,Home Department - Police,Shahibag,Analog PTZ,Bosch,Government,23.05499,72.593521,Local NVR,15,2024,Active,TRUE
CAM00112,Ahmedabad City,Home Department - Police,Shahibag,Analog Dome,Honeywell,Government,23.054915,72.592491,Cloud,7,2019,Active,TRUE
CAM00113,Ahmedabad City,Home Department - Police,Shahpur,IP Dome,Dahua,Government,23.03483,72.579937,Local NVR,30,2020,Offline,TRUE
CAM00114,Ahmedabad City,Home Department - Police,Shahpur,IP PTZ,Honeywell,Government,23.036016,72.5794,Local NVR,15,2018,Active,TRUE
CAM00115,Ahmedabad City,Home Department - Police,Shahpur,Analog PTZ,CP Plus,Government,23.035211,72.579497,Cloud,30,2023,Maintenance,TRUE
CAM00116,Ahmedabad City,Home Department - Police,Sherkotada,IP PTZ,Bosch,Government,23.032072,72.602621,Local NVR,30,2021,Active,TRUE
CAM00117,Ahmedabad City,Home Department - Police,Sherkotada,Analog Dome,Dahua,Government,23.031423,72.601949,Cloud,15,2024,Active,TRUE
CAM00118,Ahmedabad City,Home Department - Police,Sola High Court,IP PTZ,CP Plus,Government,23.088169,72.528725,Cloud,15,2018,Active,TRUE
CAM00119,Ahmedabad City,Home Department - Police,Sola High Court,Analog PTZ,Honeywell,Government,23.087139,72.529944,Local NVR,15,2017,Maintenance,TRUE
CAM00120,Ahmedabad City,Home Department - Police,Sola High Court,IP Bullet,Dahua,Government,23.0881,72.528762,Cloud,30,2017,Active,TRUE
CAM00121,Ahmedabad City,Home Department - Police,Sola High Court,IP PTZ,CP Plus,Government,23.087311,72.528874,Local NVR,7,2017,Active,TRUE
CAM00122,Ahmedabad City,Home Department - Police,Vadaj,IP PTZ,CP Plus,Government,23.063958,72.565829,Cloud,30,2021,Maintenance,TRUE
CAM00123,Ahmedabad City,Home Department - Police,Vadaj,IP Bullet,Hikvision,Government,23.063544,72.566728,Local NVR,30,2018,Active,TRUE
CAM00124,Ahmedabad City,Home Department - Police,Vadaj,IP PTZ,Dahua,Government,23.063421,72.566351,Local NVR,15,2019,Active,TRUE
CAM00125,Ahmedabad City,Home Department - Police,Vastrapur,IP Dome,Bosch,Government,23.049947,72.523783,Local NVR,30,2018,Active,TRUE
CAM00126,Ahmedabad City,Home Department - Police,Vastrapur,IP PTZ,Dahua,Government,23.049475,72.523327,Cloud,15,2020,Maintenance,TRUE
CAM00127,Ahmedabad City,Home Department - Police,Vastrapur,Analog Dome,Dahua,Government,23.048517,72.523249,Local NVR,7,2021,Maintenance,TRUE
CAM00128,Ahmedabad City,Home Department - Police,Vatva,Analog Dome,Bosch,Government,22.960209,72.618421,Local NVR,7,2016,Offline,TRUE
CAM00129,Ahmedabad City,Home Department - Police,Vatva,Analog Dome,Dahua,Government,22.961637,72.617258,Cloud,30,2019,Active,TRUE
CAM00130,Ahmedabad City,Home Department - Police,Vatva,IP PTZ,Hikvision,Government,22.96182,72.618027,Local NVR,30,2020,Active,TRUE
CAM00131,Ahmedabad City,Home Department - Police,Vatva GIDC,IP Bullet,CP Plus,Government,22.972126,72.627325,Cloud,30,2022,Active,TRUE
CAM00132,Ahmedabad City,Home Department - Police,Vatva GIDC,Analog PTZ,Bosch,Government,22.971445,72.628381,Local NVR,30,2018,Active,TRUE
CAM00133,Ahmedabad City,Home Department - Police,Vejalpur,IP PTZ,Honeywell,Government,22.996785,72.536253,Local NVR,7,2019,Maintenance,TRUE
CAM00134,Ahmedabad City,Home Department - Police,Vejalpur,Analog PTZ,Dahua,Government,22.995967,72.537083,Local NVR,30,2023,Active,TRUE
CAM00135,Ahmedabad City,Home Department - Police,Sarkhej,Analog Dome,Dahua,Government,22.987564,72.502814,Cloud,30,2025,Active,TRUE
CAM00136,Ahmedabad City,Home Department - Police,Sarkhej,IP PTZ,Hikvision,Government,22.987493,72.502801,Cloud,7,2020,Active,TRUE
CAM00137,Ahmedabad City,Home Department - Police,abarmati Riverfront Ea,Analog Dome,CP Plus,Government,23.055157,72.579289,Local NVR,15,2019,Active,TRUE
CAM00138,Ahmedabad City,Home Department - Police,abarmati Riverfront Ea,IP PTZ,Honeywell,Government,23.054571,72.580418,Cloud,15,2024,Active,TRUE
CAM00139,Ahmedabad City,Home Department - Police,abarmati Riverfront Ea,IP Dome,Dahua,Government,23.054865,72.580188,Cloud,15,2020,Maintenance,TRUE
CAM00140,Ahmedabad City a,Home Department - Police,barmati Riverfront We,Analog Dome,Dahua,Government,23.012236,72.570781,Cloud,15,2021,Active,TRUE
CAM00141,Ahmedabad City a,Home Department - Police,barmati Riverfront We,IP Dome,CP Plus,Government,23.011038,72.570822,Cloud,7,2023,Active,TRUE
CAM00142,Ahmedabad City,Home Department - Police,A-Traffic,IP Dome,Honeywell,Government,23.088291,72.530117,Cloud,30,2019,Active,TRUE
CAM00143,Ahmedabad City,Home Department - Police,A-Traffic,Analog Dome,Hikvision,Government,23.087974,72.529119,Local NVR,7,2018,Active,TRUE
CAM00144,Ahmedabad City,Home Department - Police,B-Traffic,IP Bullet,Hikvision,Government,23.031146,72.563194,Local NVR,7,2016,Offline,TRUE
CAM00145,Ahmedabad City,Home Department - Police,B-Traffic,IP Bullet,Bosch,Government,23.031278,72.563194,Cloud,30,2016,Active,TRUE
CAM00146,Ahmedabad City,Home Department - Police,B-Traffic,Analog Dome,Hikvision,Government,23.031552,72.56428,Local NVR,30,2024,Active,TRUE
CAM00147,Ahmedabad City,Home Department - Police,B-Traffic,Analog PTZ,Bosch,Government,23.032397,72.562958,Cloud,7,2024,Maintenance,TRUE
CAM00148,Ahmedabad City,Home Department - Police,C-Traffic,IP Dome,Hikvision,Government,23.027173,72.579124,Local NVR,30,2023,Active,TRUE
CAM00149,Ahmedabad City,Home Department - Police,C-Traffic,Analog Dome,Dahua,Government,23.026524,72.579425,Local NVR,30,2025,Offline,TRUE
CAM00150,Ahmedabad City,Home Department - Police,C-Traffic,IP Dome,Hikvision,Government,23.026937,72.57984,Cloud,15,2022,Maintenance,TRUE
CAM00151,Ahmedabad City,Home Department - Police,D-Traffic,IP PTZ,Hikvision,Government,23.020795,72.612939,Local NVR,15,2022,Active,TRUE
CAM00152,Ahmedabad City,Home Department - Police,D-Traffic,IP PTZ,Hikvision,Government,23.021247,72.612124,Cloud,7,2018,Active,TRUE
CAM00153,Ahmedabad City,Home Department - Police,E-Traffic,Analog Dome,Hikvision,Government,23.015478,72.580173,Local NVR,30,2018,Active,TRUE
CAM00154,Ahmedabad City,Home Department - Police,E-Traffic,IP Dome,Dahua,Government,23.016043,72.580415,Local NVR,15,2022,Active,TRUE
CAM00155,Ahmedabad City,Home Department - Police,E-Traffic,IP Bullet,Hikvision,Government,23.016344,72.579226,Local NVR,30,2023,Active,TRUE
CAM00156,Ahmedabad City,Home Department - Police,F-Traffic,Analog Dome,Honeywell,Government,23.055559,72.59328,Cloud,30,2022,Active,TRUE
CAM00157,Ahmedabad City,Home Department - Police,F-Traffic,Analog PTZ,Dahua,Government,23.054238,72.592739,Cloud,7,2020,Active,TRUE
CAM00158,Ahmedabad City,Home Department - Police,G-Traffic,IP Dome,Honeywell,Government,23.081759,72.631908,Cloud,15,2016,Maintenance,TRUE
CAM00159,Ahmedabad City,Home Department - Police,G-Traffic,Analog PTZ,Honeywell,Government,23.081393,72.632066,Cloud,7,2020,Active,TRUE
CAM00160,Ahmedabad City,Home Department - Police,G-Traffic,Analog PTZ,Bosch,Government,23.080859,72.632895,Local NVR,15,2017,Offline,TRUE
CAM00161,Ahmedabad City,Home Department - Police,G-Traffic,IP Dome,Dahua,Government,23.081372,72.632275,Local NVR,7,2024,Active,TRUE
CAM00162,Ahmedabad City,Home Department - Police,H-Traffic,IP Dome,CP Plus,Government,23.020281,72.632873,Local NVR,30,2020,Active,TRUE
CAM00163,Ahmedabad City,Home Department - Police,H-Traffic,IP Bullet,Dahua,Government,23.019074,72.63254,Local NVR,15,2019,Active,TRUE
CAM00164,Ahmedabad City,Home Department - Police,H-Traffic,IP Bullet,Bosch,Government,23.019074,72.633342,Cloud,30,2018,Offline,TRUE
CAM00165,Ahmedabad City,Home Department - Police,H-Traffic,IP PTZ,Hikvision,Government,23.02056,72.633448,Local NVR,7,2017,Maintenance,TRUE
CAM00166,Ahmedabad City,Home Department - Police,I-Traffic,IP PTZ,Bosch,Government,22.989955,72.640902,Local NVR,7,2025,Maintenance,TRUE
CAM00167,Ahmedabad City,Home Department - Police,I-Traffic,IP PTZ,Dahua,Government,22.988441,72.640451,Cloud,15,2025,Active,TRUE
CAM00168,Ahmedabad City,Home Department - Police,J-Traffic,IP PTZ,Dahua,Government,22.989187,72.640587,Local NVR,7,2017,Active,TRUE
CAM00169,Ahmedabad City,Home Department - Police,J-Traffic,Analog Dome,Honeywell,Government,22.989805,72.640003,Cloud,15,2017,Active,TRUE
CAM00170,Ahmedabad City,Home Department - Police,K-Traffic,IP Bullet,Hikvision,Government,22.99849,72.580044,Cloud,15,2018,Active,TRUE
CAM00171,Ahmedabad City,Home Department - Police,K-Traffic,IP Bullet,Bosch,Government,22.997077,72.579157,Local NVR,30,2017,Offline,TRUE
CAM00172,Ahmedabad City,Home Department - Police,K-Traffic,Analog Dome,Dahua,Government,22.997573,72.580545,Local NVR,7,2025,Maintenance,TRUE
CAM00173,Ahmedabad City,Home Department - Police,K-Traffic,Analog PTZ,Honeywell,Government,22.996888,72.579678,Cloud,15,2020,Offline,TRUE
CAM00174,Ahmedabad City,Home Department - Police,L-Traffic,Analog PTZ,Dahua,Government,23.066126,72.582328,Cloud,30,2016,Active,TRUE
CAM00175,Ahmedabad City,Home Department - Police,L-Traffic,Analog Dome,Honeywell,Government,23.066674,72.582428,Cloud,15,2023,Offline,TRUE
CAM00176,Ahmedabad City,Home Department - Police,M-Traffic,IP Bullet,Hikvision,Government,22.98663,72.503159,Local NVR,7,2024,Active,TRUE
CAM00177,Ahmedabad City,Home Department - Police,M-Traffic,IP Dome,CP Plus,Government,22.988059,72.502222,Local NVR,15,2018,Offline,TRUE
CAM00178,Ahmedabad City,Home Department - Police,M-Traffic,Analog PTZ,Bosch,Government,22.987232,72.502356,Local NVR,15,2021,Offline,TRUE
CAM00179,Ahmedabad City,Home Department - Police,M-Traffic,IP Dome,Dahua,Government,22.986385,72.503206,Cloud,30,2021,Maintenance,TRUE
CAM00180,Ahmedabad City,Home Department - Police,N-Traffic,IP Bullet,Dahua,Government,23.027085,72.511647,Cloud,30,2025,Active,TRUE
CAM00181,Ahmedabad City,Home Department - Police,N-Traffic,IP Bullet,Honeywell,Government,23.028281,72.510672,Cloud,15,2022,Offline,TRUE
CAM00182,Ahmedabad City,Home Department - Police,N-Traffic,Analog Dome,Hikvision,Government,23.027309,72.511539,Local NVR,30,2018,Active,TRUE
CAM00183,Ahmedabad City,Home Department - Police,Narol,Analog PTZ,Bosch,Government,22.959814,72.590466,Cloud,7,2019,Active,TRUE
CAM00184,Ahmedabad City,Home Department - Police,Narol,Analog Dome,Honeywell,Government,22.95944,72.590674,Cloud,30,2017,Active,TRUE
CAM00185,Ahmedabad City,Home Department - Police,Vasna,IP Bullet,Honeywell,Government,22.99856,72.545437,Cloud,30,2018,Maintenance,TRUE
CAM00186,Ahmedabad City,Home Department - Police,Vasna,IP PTZ,Honeywell,Government,22.998403,72.545415,Local NVR,30,2019,Maintenance,TRUE
CAM00187,Ahmedabad City,Home Department - Police,Vasna,IP Bullet,Dahua,Government,22.998745,72.54519,Local NVR,15,2023,Active,TRUE
CAM00188,Ahmedabad City,Home Department - Police,Vasna,IP Bullet,CP Plus,Government,22.999725,72.545664,Cloud,15,2022,Active,TRUE
CAM00189,Ahmedabad City,Home Department - Police,DCB,Analog Dome,Hikvision,Government,23.016165,72.579509,Local NVR,7,2017,Active,TRUE
CAM00190,Ahmedabad City,Home Department - Police,DCB,IP PTZ,Hikvision,Government,23.015791,72.580471,Cloud,15,2018,Active,TRUE
CAM00191,Ahmedabad City,Home Department - Police,DCB,Analog Dome,Dahua,Government,23.016975,72.579588,Cloud,15,2022,Active,TRUE
CAM00192,Ahmedabad City,Home Department - Police,DCB,Analog PTZ,CP Plus,Government,23.015975,72.578892,Cloud,7,2017,Active,TRUE
CAM00193,Ahmedabad Rural,Home Department - Police,Aslali,IP PTZ,Honeywell,Government,22.920781,72.593617,Cloud,7,2023,Active,TRUE
CAM00194,Ahmedabad Rural,Home Department - Police,Aslali,Analog Dome,Honeywell,Government,22.919989,72.59487,Local NVR,7,2024,Active,TRUE
CAM00195,Ahmedabad Rural,Home Department - Police,Aslali,IP PTZ,Honeywell,Government,22.919956,72.593586,Local NVR,7,2019,Active,TRUE
CAM00196,Ahmedabad Rural,Home Department - Police,Bagodara,Analog Dome,CP Plus,Government,22.63941,72.195188,Cloud,15,2024,Maintenance,TRUE
CAM00197,Ahmedabad Rural,Home Department - Police,Bagodara,IP PTZ,CP Plus,Government,22.638339,72.195793,Cloud,30,2025,Active,TRUE
CAM00198,Ahmedabad Rural,Home Department - Police,Bagodara,Analog Dome,Honeywell,Government,22.638458,72.196105,Cloud,15,2024,Maintenance,TRUE
CAM00199,Ahmedabad Rural,Home Department - Police,Bavla,IP Dome,Dahua,Government,22.82806,72.369588,Cloud,15,2020,Active,TRUE
CAM00200,Ahmedabad Rural,Home Department - Police,Bavla,Analog PTZ,CP Plus,Government,22.828235,72.368953,Cloud,15,2025,Offline,TRUE
CAM00201,Ahmedabad Rural,Home Department - Police,Bopal,IP PTZ,CP Plus,Government,23.025151,72.469794,Cloud,7,2023,Maintenance,TRUE
CAM00202,Ahmedabad Rural,Home Department - Police,Bopal,IP Dome,Dahua,Government,23.023754,72.469842,Local NVR,30,2019,Maintenance,TRUE
CAM00203,Ahmedabad Rural,Home Department - Police,Bopal,IP Dome,CP Plus,Government,23.025467,72.470456,Local NVR,15,2020,Active,TRUE
CAM00204,Ahmedabad Rural,Home Department - Police,Changodar,IP PTZ,Bosch,Government,22.929818,72.447499,Local NVR,15,2021,Active,TRUE
CAM00205,Ahmedabad Rural,Home Department - Police,Changodar,Analog PTZ,Honeywell,Government,22.930974,72.448168,Local NVR,7,2023,Maintenance,TRUE
CAM00206,Ahmedabad Rural,Home Department - Police,Changodar,Analog Dome,Dahua,Government,22.929363,72.448359,Local NVR,7,2018,Active,TRUE
CAM00207,Ahmedabad Rural,Home Department - Police,Changodar,Analog Dome,Bosch,Government,22.929811,72.447807,Cloud,30,2023,Maintenance,TRUE
CAM00208,Ahmedabad Rural,Home Department - Police,Detroj,Analog Dome,Bosch,Government,23.332808,72.185568,Local NVR,30,2021,Active,TRUE
CAM00209,Ahmedabad Rural,Home Department - Police,Detroj,Analog Dome,CP Plus,Government,23.332138,72.185408,Cloud,7,2021,Offline,TRUE
CAM00210,Ahmedabad Rural,Home Department - Police,Detroj,IP Dome,CP Plus,Government,23.333224,72.185049,Local NVR,15,2018,Maintenance,TRUE
CAM00211,Ahmedabad Rural,Home Department - Police,Dhandhuka,Analog PTZ,Dahua,Government,22.382161,71.981556,Local NVR,7,2023,Offline,TRUE
CAM00212,Ahmedabad Rural,Home Department - Police,Dhandhuka,Analog PTZ,CP Plus,Government,22.382351,71.981941,Cloud,7,2021,Active,TRUE
CAM00213,Ahmedabad Rural,Home Department - Police,Dhandhuka,IP Dome,Dahua,Government,22.383001,71.981977,Local NVR,30,2024,Maintenance,TRUE
CAM00214,Ahmedabad Rural,Home Department - Police,Dhandhuka,IP Bullet,Hikvision,Government,22.382489,71.982381,Cloud,7,2023,Maintenance,TRUE
CAM00215,Ahmedabad Rural,Home Department - Police,Dholera,Analog PTZ,Dahua,Government,22.250507,72.189403,Cloud,30,2017,Offline,TRUE
CAM00216,Ahmedabad Rural,Home Department - Police,Dholera,IP Bullet,Dahua,Government,22.249412,72.189142,Cloud,7,2018,Active,TRUE
CAM00217,Ahmedabad Rural,Home Department - Police,Dholka,Analog Dome,Honeywell,Government,22.734831,72.436578,Local NVR,15,2021,Offline,TRUE
CAM00218,Ahmedabad Rural,Home Department - Police,Dholka,Analog PTZ,Bosch,Government,22.734639,72.437281,Local NVR,30,2017,Maintenance,TRUE
CAM00219,Ahmedabad Rural,Home Department - Police,Kanbha,IP Dome,Bosch,Government,23.015281,72.714394,Local NVR,30,2021,Offline,TRUE
CAM00220,Ahmedabad Rural,Home Department - Police,Kanbha,Analog Dome,CP Plus,Government,23.014419,72.715841,Cloud,15,2024,Offline,TRUE
CAM00221,Ahmedabad Rural,Home Department - Police,Kanbha,Analog Dome,CP Plus,Government,23.015438,72.714361,Local NVR,7,2017,Active,TRUE
CAM00222,Ahmedabad Rural,Home Department - Police,Koth,Analog PTZ,Hikvision,Government,22.639395,72.301971,Local NVR,7,2024,Offline,TRUE
CAM00223,Ahmedabad Rural,Home Department - Police,Koth,Analog Dome,Hikvision,Government,22.638206,72.30269,Cloud,30,2025,Offline,TRUE
CAM00224,Ahmedabad Rural,Home Department - Police,Koth,Analog PTZ,Honeywell,Government,22.63799,72.302751,Cloud,7,2025,Active,TRUE
CAM00225,Ahmedabad Rural,Home Department - Police,Mahila,IP Bullet,Honeywell,Government,23.025394,72.470867,Local NVR,30,2020,Active,TRUE
CAM00226,Ahmedabad Rural,Home Department - Police,Mahila,Analog PTZ,Bosch,Government,23.024583,72.470608,Cloud,30,2020,Maintenance,TRUE
CAM00227,Ahmedabad Rural,Home Department - Police,Mandal,IP PTZ,Bosch,Government,23.285912,71.91826,Local NVR,15,2018,Active,TRUE
CAM00228,Ahmedabad Rural,Home Department - Police,Mandal,Analog PTZ,Bosch,Government,23.285708,71.917279,Cloud,15,2021,Offline,TRUE
CAM00229,Ahmedabad Rural,Home Department - Police,Mandal,IP Dome,Dahua,Government,23.286107,71.917594,Local NVR,7,2023,Active,TRUE
CAM00230,Ahmedabad Rural,Home Department - Police,Sanand,IP PTZ,CP Plus,Government,22.987115,72.386986,Cloud,15,2025,Offline,TRUE
CAM00231,Ahmedabad Rural,Home Department - Police,Sanand,IP PTZ,Honeywell,Government,22.988322,72.385626,Local NVR,15,2018,Active,TRUE
CAM00232,Ahmedabad Rural,Home Department - Police,Sanand GIDC,IP PTZ,CP Plus,Government,23.030477,72.295456,Cloud,30,2024,Active,TRUE
CAM00233,Ahmedabad Rural,Home Department - Police,Sanand GIDC,IP PTZ,Dahua,Government,23.030523,72.294261,Cloud,7,2025,Maintenance,TRUE
CAM00234,Ahmedabad Rural,Home Department - Police,Sanand GIDC,IP PTZ,Dahua,Government,23.030676,72.294231,Cloud,15,2021,Active,TRUE
CAM00235,Ahmedabad Rural,Home Department - Police,Viramgam Rural,IP Dome,Bosch,Government,23.098189,72.06912,Local NVR,30,2020,Active,TRUE
CAM00236,Ahmedabad Rural,Home Department - Police,Viramgam Rural,IP Dome,CP Plus,Government,23.098664,72.069589,Cloud,15,2025,Active,TRUE
CAM00237,Ahmedabad Rural,Home Department - Police,Viramgam Rural,IP Bullet,CP Plus,Government,23.098609,72.069077,Local NVR,30,2021,Active,TRUE
CAM00238,Ahmedabad Rural,Home Department - Police,Viramgam Rural,IP PTZ,Honeywell,Government,23.09726,72.068714,Local NVR,7,2021,Offline,TRUE
CAM00239,Ahmedabad Rural,Home Department - Police,Viramgam Town,IP Bullet,Bosch,Government,23.121517,72.049698,Local NVR,30,2021,Active,TRUE
CAM00240,Ahmedabad Rural,Home Department - Police,Viramgam Town,Analog Dome,Dahua,Government,23.122178,72.048939,Local NVR,7,2023,Active,TRUE
CAM00241,Ahmedabad Rural,Home Department - Police,Viramgam Town,Analog Dome,Dahua,Government,23.121861,72.048219,Cloud,30,2022,Maintenance,TRUE
CAM00242,Ahmedabad Rural,Home Department - Police,Viramgam Town,Analog Dome,CP Plus,Government,23.121743,72.049202,Cloud,30,2025,Maintenance,TRUE
CAM00243,Ahmedabad Rural,Home Department - Police,Vitthalapur,IP Bullet,CP Plus,Government,23.365854,72.053766,Cloud,30,2022,Active,TRUE
CAM00244,Ahmedabad Rural,Home Department - Police,Vitthalapur,IP Bullet,Bosch,Government,23.365253,72.053262,Cloud,15,2022,Offline,TRUE
CAM00245,Ahmedabad Rural,Home Department - Police,Vivekanand Nagar,IP Bullet,Honeywell,Government,22.933049,72.664292,Cloud,30,2016,Active,TRUE
CAM00246,Ahmedabad Rural,Home Department - Police,Vivekanand Nagar,Analog PTZ,CP Plus,Government,22.933189,72.663582,Local NVR,30,2022,Active,TRUE
CAM00247,Ahmedabad Rural,Home Department - Police,Vivekanand Nagar,Analog Dome,Bosch,Government,22.932375,72.663938,Cloud,7,2020,Active,TRUE
CAM00248,Ahmedabad Rural,Home Department - Police,Vivekanand Nagar,Analog PTZ,CP Plus,Government,22.932397,72.663126,Local NVR,15,2020,Maintenance,TRUE
CAM00249,Ahmedabad Rural,Home Department - Police,Dholka Rural,Analog PTZ,Hikvision,Government,22.72824,72.442364,Local NVR,15,2020,Active,TRUE
CAM00250,Ahmedabad Rural,Home Department - Police,Dholka Rural,IP Dome,Dahua,Government,22.728949,72.44213,Cloud,15,2020,Maintenance,TRUE
CAM00251,Ahmedabad Rural,Home Department - Police,Dholka Rural,IP Bullet,Honeywell,Government,22.728412,72.442027,Local NVR,30,2019,Active,TRUE
CAM00252,Amreli,Home Department - Police,Amreli City,IP Bullet,Hikvision,Government,21.602474,71.222517,Cloud,30,2019,Active,TRUE
CAM00253,Amreli,Home Department - Police,Amreli City,IP Dome,CP Plus,Government,21.602371,71.221927,Cloud,30,2023,Active,TRUE
CAM00254,Amreli,Home Department - Police,Amreli Rural,IP PTZ,CP Plus,Government,21.605084,71.224547,Local NVR,15,2023,Active,TRUE
CAM00255,Amreli,Home Department - Police,Amreli Rural,Analog Dome,CP Plus,Government,21.605072,71.224596,Cloud,7,2017,Maintenance,TRUE
CAM00256,Amreli,Home Department - Police,Amreli Rural,IP PTZ,Bosch,Government,21.605497,71.223278,Cloud,30,2016,Active,TRUE
CAM00257,Amreli,Home Department - Police,Babra,Analog PTZ,Dahua,Government,21.848791,71.305453,Local NVR,30,2017,Offline,TRUE
CAM00258,Amreli,Home Department - Police,Babra,Analog Dome,Bosch,Government,21.849718,71.306032,Local NVR,7,2018,Active,TRUE
CAM00259,Amreli,Home Department - Police,Bagasara,IP Bullet,Hikvision,Government,21.480863,70.950461,Local NVR,15,2020,Offline,TRUE
CAM00260,Amreli,Home Department - Police,Bagasara,IP PTZ,Bosch,Government,21.481785,70.949983,Local NVR,7,2025,Maintenance,TRUE
CAM00261,Amreli,Home Department - Police,Bagasara,IP PTZ,Dahua,Government,21.481776,70.949968,Cloud,7,2018,Active,TRUE
CAM00262,Amreli,Home Department - Police,Chalala,Analog PTZ,Honeywell,Government,21.408721,71.16332,Cloud,15,2021,Active,TRUE
CAM00263,Amreli,Home Department - Police,Chalala,IP PTZ,Dahua,Government,21.409544,71.162075,Cloud,15,2017,Offline,TRUE
CAM00264,Amreli,Home Department - Police,Chalala,IP Dome,Dahua,Government,21.409959,71.163561,Local NVR,30,2020,Active,TRUE
CAM00265,Amreli,Home Department - Police,Damnagar,Analog Dome,Dahua,Government,21.693626,71.52027,Local NVR,30,2023,Offline,TRUE
CAM00266,Amreli,Home Department - Police,Damnagar,IP Bullet,Honeywell,Government,21.693546,71.520772,Cloud,30,2019,Maintenance,TRUE
CAM00267,Amreli,Home Department - Police,Dhari,IP Dome,Hikvision,Government,21.327016,71.024498,Cloud,30,2025,Offline,TRUE
CAM00268,Amreli,Home Department - Police,Dhari,IP PTZ,Hikvision,Government,21.326019,71.024948,Cloud,30,2024,Offline,TRUE
CAM00269,Amreli,Home Department - Police,Dhari,IP Dome,Bosch,Government,21.326629,71.025975,Cloud,30,2023,Maintenance,TRUE
CAM00270,Amreli,Home Department - Police,Dhari,Analog PTZ,Hikvision,Government,21.326571,71.024461,Local NVR,15,2023,Active,TRUE
CAM00271,Amreli,Home Department - Police,Jafarabad,Analog PTZ,Hikvision,Government,20.867263,71.363866,Cloud,7,2022,Maintenance,TRUE
CAM00272,Amreli,Home Department - Police,Jafarabad,IP PTZ,Dahua,Government,20.866928,71.364471,Local NVR,15,2018,Maintenance,TRUE
CAM00273,Amreli,Home Department - Police,Jafarabad,IP Bullet,Dahua,Government,20.867547,71.364964,Cloud,7,2024,Offline,TRUE
CAM00274,Amreli,Home Department - Police,Jafarabad,IP Dome,Hikvision,Government,20.867579,71.363964,Local NVR,15,2019,Offline,TRUE
CAM00275,Amreli,Home Department - Police,Jafarabad Marin,IP PTZ,Dahua,Government,20.869375,71.36366,Cloud,15,2019,Active,TRUE
CAM00276,Amreli,Home Department - Police,Jafarabad Marin,IP Dome,Bosch,Government,20.870105,71.363483,Cloud,7,2017,Active,TRUE
CAM00277,Amreli,Home Department - Police,Jafarabad Marin,Analog Dome,Hikvision,Government,20.868539,71.363247,Cloud,30,2023,Active,TRUE
CAM00278,Amreli,Home Department - Police,Khambha,IP Bullet,Honeywell,Government,21.14107,71.253278,Local NVR,7,2016,Offline,TRUE
CAM00279,Amreli,Home Department - Police,Khambha,IP Bullet,Dahua,Government,21.140854,71.253382,Cloud,30,2021,Offline,TRUE
CAM00280,Amreli,Home Department - Police,Khambha,Analog Dome,Honeywell,Government,21.140678,71.252847,Cloud,30,2016,Maintenance,TRUE
CAM00281,Amreli,Home Department - Police,Lathi,Analog Dome,Dahua,Government,21.72838,71.392433,Local NVR,15,2022,Active,TRUE
CAM00282,Amreli,Home Department - Police,Lathi,IP PTZ,CP Plus,Government,21.728028,71.391014,Cloud,15,2024,Active,TRUE
CAM00283,Amreli,Home Department - Police,Lathi,IP PTZ,Bosch,Government,21.728938,71.39233,Cloud,15,2024,Active,TRUE
CAM00284,Amreli,Home Department - Police,Lathi,IP PTZ,Dahua,Government,21.727947,71.391277,Cloud,30,2017,Active,TRUE
CAM00285,Amreli,Home Department - Police,Liliya,IP Dome,Hikvision,Government,21.537835,71.364173,Cloud,30,2025,Offline,TRUE
CAM00286,Amreli,Home Department - Police,Liliya,Analog PTZ,Hikvision,Government,21.537743,71.363336,Cloud,7,2021,Active,TRUE
CAM00287,Amreli,Home Department - Police,Mahila,Analog Dome,CP Plus,Government,21.610623,71.21751,Local NVR,7,2019,Offline,TRUE
CAM00288,Amreli,Home Department - Police,Mahila,Analog Dome,Dahua,Government,21.609403,71.217158,Local NVR,15,2023,Active,TRUE
CAM00289,Amreli,Home Department - Police,Mahila,IP PTZ,Dahua,Government,21.609747,71.217543,Cloud,15,2017,Active,TRUE
CAM00290,Amreli,Home Department - Police,Mahila,IP Bullet,Hikvision,Government,21.609569,71.217661,Local NVR,30,2019,Offline,TRUE
CAM00291,Amreli,Home Department - Police,Nageshri,Analog PTZ,CP Plus,Government,20.929474,71.345332,Local NVR,30,2019,Active,TRUE
CAM00292,Amreli,Home Department - Police,Nageshri,Analog PTZ,Bosch,Government,20.929077,71.345979,Local NVR,15,2021,Active,TRUE
CAM00293,Amreli,Home Department - Police,Nageshri,Analog Dome,Bosch,Government,20.929497,71.345435,Cloud,30,2018,Active,TRUE
CAM00294,Amreli,Home Department - Police,Nageshri,IP Dome,Hikvision,Government,20.929121,71.346311,Local NVR,7,2017,Active,TRUE
CAM00295,Amreli,Home Department - Police,Pipavav Marin,IP PTZ,Dahua,Government,20.923525,71.500435,Cloud,30,2024,Offline,TRUE
CAM00296,Amreli,Home Department - Police,Pipavav Marin,IP Dome,Honeywell,Government,20.923895,71.501606,Local NVR,7,2016,Active,TRUE
CAM00297,Amreli,Home Department - Police,Rajula,IP Dome,Honeywell,Government,21.038588,71.443037,Local NVR,7,2020,Active,TRUE
CAM00298,Amreli,Home Department - Police,Rajula,IP Bullet,Honeywell,Government,21.03894,71.443017,Local NVR,15,2019,Active,TRUE
CAM00299,Amreli,Home Department - Police,Rajula,IP PTZ,Honeywell,Government,21.038719,71.442215,Cloud,30,2022,Active,TRUE
CAM00300,Amreli,Home Department - Police,Rajula,IP Dome,Hikvision,Government,21.037828,71.443564,Local NVR,15,2017,Maintenance,TRUE
CAM00301,Amreli,Home Department - Police,Savarkundla Rural,IP Dome,Bosch,Government,21.337177,71.314067,Local NVR,30,2018,Active,TRUE
CAM00302,Amreli,Home Department - Police,Savarkundla Rural,Analog Dome,Hikvision,Government,21.337339,71.314465,Cloud,7,2017,Offline,TRUE
CAM00303,Amreli,Home Department - Police,Savarkundla Rural,Analog PTZ,Honeywell,Government,21.337176,71.313005,Cloud,7,2017,Active,TRUE
CAM00304,Amreli,Home Department - Police,Savarkundla Rural,IP PTZ,Hikvision,Government,21.336348,71.313294,Local NVR,7,2018,Offline,TRUE
CAM00305,Amreli,Home Department - Police,Savarkundla Town,Analog PTZ,Bosch,Government,21.33734,71.31445,Cloud,30,2024,Active,TRUE
CAM00306,Amreli,Home Department - Police,Savarkundla Town,IP Dome,Bosch,Government,21.337221,71.314675,Cloud,7,2016,Active,TRUE
CAM00307,Amreli,Home Department - Police,Vadia,Analog PTZ,Hikvision,Government,21.689944,72.817339,Local NVR,15,2022,Maintenance,TRUE
CAM00308,Amreli,Home Department - Police,Vadia,IP PTZ,CP Plus,Government,21.688971,72.816615,Local NVR,7,2022,Offline,TRUE
CAM00309,Amreli,Home Department - Police,Vadia,IP Dome,Dahua,Government,21.689092,72.816064,Cloud,15,2017,Active,TRUE
CAM00310,Amreli,Home Department - Police,Vadia,IP Dome,Hikvision,Government,21.689891,72.81619,Local NVR,15,2017,Active,TRUE
CAM00311,Amreli,Home Department - Police,Vanda,IP PTZ,Honeywell,Government,21.383185,71.470793,Local NVR,7,2022,Active,TRUE
CAM00312,Amreli,Home Department - Police,Vanda,Analog Dome,Dahua,Government,21.383162,71.471634,Local NVR,7,2025,Active,TRUE
CAM00313,Amreli,Home Department - Police,Vanda,IP Bullet,Honeywell,Government,21.383746,71.472039,Cloud,30,2024,Maintenance,TRUE
CAM00314,Amreli,Home Department - Police,Dungar,IP Bullet,Hikvision,Government,21.06706,71.566536,Cloud,15,2023,Active,TRUE
CAM00315,Amreli,Home Department - Police,Dungar,Analog PTZ,Dahua,Government,21.067568,71.566866,Cloud,30,2017,Maintenance,TRUE
CAM00316,Anand,Home Department - Police,Anand Rural,Analog PTZ,Hikvision,Government,22.558432,72.967742,Local NVR,15,2018,Offline,TRUE
CAM00317,Anand,Home Department - Police,Anand Rural,Analog PTZ,Bosch,Government,22.558006,72.96847,Cloud,15,2023,Active,TRUE
CAM00318,Anand,Home Department - Police,Anand Rural,Analog PTZ,CP Plus,Government,22.558408,72.96817,Local NVR,15,2023,Active,TRUE
CAM00319,Anand,Home Department - Police,Anand Rural,IP Bullet,Dahua,Government,22.558645,72.968057,Local NVR,15,2025,Maintenance,TRUE
CAM00320,Anand,Home Department - Police,Anand Town,Analog Dome,CP Plus,Government,22.556729,72.968512,Cloud,30,2025,Maintenance,TRUE
CAM00321,Anand,Home Department - Police,Anand Town,IP Dome,Bosch,Government,22.558221,72.967874,Local NVR,7,2020,Active,TRUE
CAM00322,Anand,Home Department - Police,Anand Town,IP PTZ,Hikvision,Government,22.55696,72.968683,Local NVR,30,2022,Maintenance,TRUE
CAM00323,Anand,Home Department - Police,Anklav,Analog Dome,Hikvision,Government,22.383104,72.996786,Local NVR,30,2022,Offline,TRUE
CAM00324,Anand,Home Department - Police,Anklav,IP Bullet,Dahua,Government,22.383452,72.99752,Cloud,30,2017,Offline,TRUE
CAM00325,Anand,Home Department - Police,Anklav,Analog PTZ,Bosch,Government,22.382463,72.997644,Cloud,7,2022,Active,TRUE
CAM00326,Anand,Home Department - Police,Anklav,Analog Dome,Honeywell,Government,22.382849,72.996793,Cloud,15,2024,Active,TRUE
CAM00327,Anand,Home Department - Police,Bhadran,IP Bullet,Dahua,Government,22.359873,72.904154,Cloud,15,2024,Active,TRUE
CAM00328,Anand,Home Department - Police,Bhadran,IP Dome,CP Plus,Government,22.359571,72.904588,Local NVR,15,2017,Active,TRUE
CAM00329,Anand,Home Department - Police,Bhadran,Analog PTZ,Bosch,Government,22.359859,72.903303,Cloud,15,2023,Maintenance,TRUE
CAM00330,Anand,Home Department - Police,Borsad City,IP Dome,Dahua,Government,22.40691,72.902242,Cloud,30,2017,Active,TRUE
CAM00331,Anand,Home Department - Police,Borsad City,IP Bullet,Honeywell,Government,22.408463,72.903495,Cloud,15,2024,Offline,TRUE
CAM00332,Anand,Home Department - Police,Borsad City,IP Bullet,CP Plus,Government,22.407556,72.902994,Local NVR,15,2022,Active,TRUE
CAM00333,Anand,Home Department - Police,Borsad Rural,IP PTZ,Bosch,Government,22.407725,72.902736,Cloud,30,2025,Active,TRUE
CAM00334,Anand,Home Department - Police,Borsad Rural,Analog Dome,Hikvision,Government,22.40699,72.903735,Cloud,15,2017,Active,TRUE
CAM00335,Anand,Home Department - Police,Borsad Rural,Analog Dome,Dahua,Government,22.406975,72.902586,Local NVR,30,2023,Maintenance,TRUE
CAM00336,Anand,Home Department - Police,Borsad Rural,Analog Dome,CP Plus,Government,22.407677,72.903007,Local NVR,30,2023,Offline,TRUE
CAM00337,Anand,Home Department - Police,Khambhat City,Analog PTZ,Hikvision,Government,22.312054,72.61744,Cloud,15,2019,Active,TRUE
CAM00338,Anand,Home Department - Police,Khambhat City,Analog Dome,Bosch,Government,22.311763,72.617629,Local NVR,7,2018,Maintenance,TRUE
CAM00339,Anand,Home Department - Police,Khambhat Rural,Analog Dome,CP Plus,Government,22.32804,72.633609,Local NVR,15,2018,Active,TRUE
CAM00340,Anand,Home Department - Police,Khambhat Rural,IP Dome,Dahua,Government,22.32741,72.633471,Cloud,15,2025,Active,TRUE
CAM00341,Anand,Home Department - Police,Khambhat Rural,Analog Dome,Bosch,Government,22.327424,72.632646,Local NVR,30,2024,Maintenance,TRUE
CAM00342,Anand,Home Department - Police,Khambhat Rural,IP Bullet,Hikvision,Government,22.327821,72.633467,Cloud,7,2023,Active,TRUE
CAM00343,Anand,Home Department - Police,Khambholaj,IP PTZ,Honeywell,Government,22.572235,73.084521,Local NVR,30,2018,Offline,TRUE
CAM00344,Anand,Home Department - Police,Khambholaj,Analog PTZ,Honeywell,Government,22.571944,73.083759,Cloud,30,2024,Maintenance,TRUE
CAM00345,Anand,Home Department - Police,Mahelav,Analog PTZ,Hikvision,Government,22.475493,72.798865,Local NVR,15,2019,Active,TRUE
CAM00346,Anand,Home Department - Police,Mahelav,IP Bullet,CP Plus,Government,22.476652,72.798257,Local NVR,30,2017,Offline,TRUE
CAM00347,Anand,Home Department - Police,Mahelav,IP Bullet,CP Plus,Government,22.476239,72.798399,Cloud,30,2018,Active,TRUE
CAM00348,Anand,Home Department - Police,Mahelav,Analog PTZ,Dahua,Government,22.476058,72.799174,Local NVR,30,2018,Active,TRUE
CAM00349,Anand,Home Department - Police,Mahila,IP Bullet,Bosch,Government,22.559096,72.968141,Cloud,15,2017,Active,TRUE
CAM00350,Anand,Home Department - Police,Mahila,Analog PTZ,CP Plus,Government,22.558585,72.967157,Local NVR,15,2018,Active,TRUE
CAM00351,Anand,Home Department - Police,Mahila,IP PTZ,Bosch,Government,22.558361,72.967402,Cloud,30,2022,Active,TRUE
CAM00352,Anand,Home Department - Police,Mahila,IP PTZ,Bosch,Government,22.558047,72.968268,Local NVR,30,2021,Active,TRUE
CAM00353,Anand,Home Department - Police,Petlad Rural,IP Dome,Honeywell,Government,22.479533,72.803118,Local NVR,7,2021,Maintenance,TRUE
CAM00354,Anand,Home Department - Police,Petlad Rural,Analog PTZ,Dahua,Government,22.48085,72.802258,Cloud,30,2021,Maintenance,TRUE
CAM00355,Anand,Home Department - Police,Petlad Rural,IP Dome,Hikvision,Government,22.480784,72.802977,Local NVR,7,2016,Active,TRUE
CAM00356,Anand,Home Department - Police,Petlad Rural,IP Dome,Bosch,Government,22.481038,72.801652,Cloud,30,2023,Active,TRUE
CAM00357,Anand,Home Department - Police,Petlad Town,IP Dome,Dahua,Government,22.480903,72.802885,Local NVR,7,2020,Active,TRUE
CAM00358,Anand,Home Department - Police,Petlad Town,IP PTZ,Dahua,Government,22.481556,72.802479,Cloud,15,2016,Active,TRUE
CAM00359,Anand,Home Department - Police,Petlad Town,IP Dome,CP Plus,Government,22.481627,72.801313,Cloud,30,2023,Maintenance,TRUE
CAM00360,Anand,Home Department - Police,Petlad Town,IP PTZ,CP Plus,Government,22.480377,72.802563,Local NVR,7,2017,Active,TRUE
CAM00361,Anand,Home Department - Police,Sojitra,Analog PTZ,Dahua,Government,22.542667,72.720798,Local NVR,7,2017,Maintenance,TRUE
CAM00362,Anand,Home Department - Police,Sojitra,IP Bullet,Hikvision,Government,22.543898,72.720703,Cloud,30,2018,Active,TRUE
CAM00363,Anand,Home Department - Police,Sojitra,IP PTZ,Honeywell,Government,22.543298,72.720647,Local NVR,7,2018,Active,TRUE
CAM00364,Anand,Home Department - Police,Tarapur,Analog PTZ,Bosch,Government,22.485155,72.661806,Local NVR,7,2022,Active,TRUE
CAM00365,Anand,Home Department - Police,Tarapur,Analog Dome,Honeywell,Government,22.485402,72.661736,Local NVR,30,2024,Active,TRUE
CAM00366,Anand,Home Department - Police,Umreth,Analog Dome,CP Plus,Government,22.70624,73.116325,Local NVR,15,2025,Active,TRUE
CAM00367,Anand,Home Department - Police,Umreth,IP PTZ,Bosch,Government,22.706075,73.117384,Cloud,7,2019,Maintenance,TRUE
CAM00368,Anand,Home Department - Police,Umreth,Analog PTZ,Dahua,Government,22.705813,73.116083,Cloud,15,2016,Offline,TRUE
CAM00369,Anand,Home Department - Police,Umreth,IP PTZ,Hikvision,Government,22.705422,73.116938,Cloud,30,2018,Active,TRUE
CAM00370,Anand,Home Department - Police,Vasad,IP PTZ,Honeywell,Government,22.451759,73.062495,Local NVR,30,2016,Offline,TRUE
CAM00371,Anand,Home Department - Police,Vasad,IP Dome,Honeywell,Government,22.452668,73.063185,Cloud,15,2022,Active,TRUE
CAM00372,Anand,Home Department - Police,Vidyanagar,Analog Dome,Dahua,Government,22.548909,72.932722,Local NVR,30,2018,Active,TRUE
CAM00373,Anand,Home Department - Police,Vidyanagar,IP Dome,CP Plus,Government,22.549325,72.931851,Cloud,15,2019,Active,TRUE
CAM00374,Anand,Home Department - Police,Vidyanagar,IP Bullet,Hikvision,Government,22.549583,72.93216,Cloud,30,2020,Active,TRUE
CAM00375,Anand,Home Department - Police,Virsad,Analog Dome,Honeywell,Government,22.385598,72.778055,Local NVR,7,2021,Active,TRUE
CAM00376,Anand,Home Department - Police,Virsad,IP Dome,Hikvision,Government,22.385806,72.778567,Local NVR,15,2020,Active,TRUE
CAM00377,Anand,Home Department - Police,Virsad,IP Dome,Bosch,Government,22.386521,72.777634,Local NVR,30,2025,Active,TRUE
CAM00378,Anand,Home Department - Police,Virsad,Analog PTZ,CP Plus,Government,22.385678,72.778708,Local NVR,7,2018,Offline,TRUE
CAM00379,Anand,Home Department - Police,Bhalej,IP Dome,Hikvision,Government,22.634427,73.028282,Cloud,7,2024,Active,TRUE
CAM00380,Anand,Home Department - Police,Bhalej,IP Bullet,Hikvision,Government,22.633975,73.02856,Local NVR,7,2018,Active,TRUE
CAM00381,Anand,Home Department - Police,Bhalej,Analog PTZ,Hikvision,Government,22.633573,73.02952,Local NVR,7,2021,Offline,TRUE
CAM00382,Anand,Home Department - Police,Bhalej,Analog Dome,Hikvision,Government,22.634338,73.027966,Local NVR,7,2019,Maintenance,TRUE
CAM00383,Arvalli,Home Department - Police,Ambaliara,Analog Dome,Bosch,Government,23.217086,73.036498,Cloud,15,2017,Active,TRUE
CAM00384,Arvalli,Home Department - Police,Ambaliara,IP Bullet,Bosch,Government,23.216219,73.037351,Local NVR,30,2025,Maintenance,TRUE
CAM00385,Arvalli,Home Department - Police,Ambaliara,IP Bullet,CP Plus,Government,23.21749,73.037336,Cloud,15,2024,Active,TRUE
CAM00386,Arvalli,Home Department - Police,Bayad,Analog PTZ,Hikvision,Government,23.219865,73.214592,Local NVR,30,2016,Active,TRUE
CAM00387,Arvalli,Home Department - Police,Bayad,IP PTZ,Bosch,Government,23.219077,73.214401,Cloud,7,2019,Active,TRUE
CAM00388,Arvalli,Home Department - Police,Bhiloda,IP PTZ,Dahua,Government,23.768874,73.240096,Local NVR,30,2024,Active,TRUE
CAM00389,Arvalli,Home Department - Police,Bhiloda,IP Dome,Honeywell,Government,23.76984,73.240589,Cloud,15,2022,Active,TRUE
CAM00390,Arvalli,Home Department - Police,Dhansura,Analog PTZ,Dahua,Government,23.355273,73.213418,Local NVR,15,2022,Active,TRUE
CAM00391,Arvalli,Home Department - Police,Dhansura,IP Dome,CP Plus,Government,23.354882,73.212251,Cloud,7,2025,Maintenance,TRUE
CAM00392,Arvalli,Home Department - Police,Isari,IP Bullet,Bosch,Government,23.645459,73.457073,Local NVR,15,2021,Active,TRUE
CAM00393,Arvalli,Home Department - Police,Isari,Analog Dome,Hikvision,Government,23.646428,73.457019,Cloud,15,2020,Active,TRUE
CAM00394,Arvalli,Home Department - Police,Isari,IP PTZ,Honeywell,Government,23.645058,73.457303,Cloud,30,2021,Active,TRUE
CAM00395,Arvalli,Home Department - Police,Malpur,IP PTZ,Honeywell,Government,23.364199,73.467567,Cloud,7,2022,Maintenance,TRUE
CAM00396,Arvalli,Home Department - Police,Malpur,IP Dome,Hikvision,Government,23.362906,73.468683,Cloud,7,2017,Active,TRUE
CAM00397,Arvalli,Home Department - Police,Malpur,Analog Dome,Honeywell,Government,23.364206,73.467924,Local NVR,7,2017,Active,TRUE
CAM00398,Arvalli,Home Department - Police,Meghraj,IP Dome,Dahua,Government,23.500113,73.513607,Cloud,7,2018,Maintenance,TRUE
CAM00399,Arvalli,Home Department - Police,Meghraj,IP PTZ,Bosch,Government,23.499848,73.514107,Cloud,15,2022,Maintenance,TRUE
CAM00400,Arvalli,Home Department - Police,Modasa Rural,Analog PTZ,Bosch,Government,23.468355,73.287385,Cloud,7,2020,Offline,TRUE
CAM00401,Arvalli,Home Department - Police,Modasa Rural,IP PTZ,Bosch,Government,23.468833,73.286192,Local NVR,7,2020,Active,TRUE
CAM00402,Arvalli,Home Department - Police,Modasa Town,IP Bullet,Honeywell,Government,23.464392,73.296502,Cloud,15,2024,Active,TRUE
CAM00403,Arvalli,Home Department - Police,Modasa Town,Analog Dome,Honeywell,Government,23.464566,73.297154,Local NVR,15,2021,Active,TRUE
CAM00404,Arvalli,Home Department - Police,Modasa Town,IP Dome,Dahua,Government,23.464027,73.296321,Cloud,15,2019,Offline,TRUE
CAM00405,Arvalli,Home Department - Police,Samalaji,IP Dome,CP Plus,Government,23.691562,73.388905,Cloud,15,2018,Offline,TRUE
CAM00406,Arvalli,Home Department - Police,Samalaji,IP Bullet,Honeywell,Government,23.691651,73.388757,Local NVR,15,2016,Active,TRUE
CAM00407,Arvalli,Home Department - Police,Samalaji,Analog Dome,Hikvision,Government,23.690499,73.388173,Local NVR,30,2021,Offline,TRUE
CAM00408,Arvalli,Home Department - Police,Sathamba,Analog Dome,Dahua,Government,23.172376,73.327533,Cloud,15,2023,Active,TRUE
CAM00409,Arvalli,Home Department - Police,Sathamba,IP Dome,Honeywell,Government,23.171524,73.327613,Local NVR,7,2019,Active,TRUE
CAM00410,Arvalli,Home Department - Police,Mahila,Analog PTZ,Hikvision,Government,23.464066,73.300674,Cloud,7,2018,Offline,TRUE
CAM00411,Arvalli,Home Department - Police,Mahila,Analog Dome,Dahua,Government,23.464971,73.300694,Cloud,15,2017,Maintenance,TRUE
CAM00412,Arvalli,Home Department - Police,Mahila,IP Bullet,CP Plus,Government,23.464758,73.301045,Local NVR,30,2021,Maintenance,TRUE
CAM00413,Arvalli,Home Department - Police,Mahila,Analog Dome,Dahua,Government,23.464872,73.300753,Cloud,30,2024,Offline,TRUE
CAM00414,Banaskantha,Home Department - Police,Agathala,IP Bullet,CP Plus,Government,24.298844,71.884058,Cloud,30,2020,Offline,TRUE
CAM00415,Banaskantha,Home Department - Police,Agathala,IP Dome,CP Plus,Government,24.298868,71.884527,Local NVR,30,2025,Active,TRUE
CAM00416,Banaskantha,Home Department - Police,Ambaji,Analog PTZ,Hikvision,Government,24.330869,72.852147,Cloud,15,2018,Active,TRUE
CAM00417,Banaskantha,Home Department - Police,Ambaji,Analog PTZ,Bosch,Government,24.330153,72.852055,Cloud,15,2017,Active,TRUE
CAM00418,Banaskantha,Home Department - Police,Ambaji,IP Dome,Hikvision,Government,24.3303,72.850583,Cloud,15,2020,Maintenance,TRUE
CAM00419,Banaskantha,Home Department - Police,Ambaji,IP PTZ,Bosch,Government,24.33117,72.852205,Local NVR,30,2022,Maintenance,TRUE
CAM00420,Banaskantha,Home Department - Police,Amirgadh,IP Bullet,CP Plus,Government,24.400341,72.646046,Local NVR,7,2025,Active,TRUE
CAM00421,Banaskantha,Home Department - Police,Amirgadh,IP Dome,Dahua,Government,24.39938,72.6452,Cloud,15,2017,Active,TRUE
CAM00422,Banaskantha,Home Department - Police,Bhabhar,Analog PTZ,Honeywell,Government,24.066408,71.60038,Local NVR,30,2017,Active,TRUE
CAM00423,Banaskantha,Home Department - Police,Bhabhar,IP PTZ,CP Plus,Government,24.067049,71.599862,Cloud,7,2025,Active,TRUE
CAM00424,Banaskantha,Home Department - Police,Bhabhar,Analog Dome,Dahua,Government,24.066643,71.599027,Local NVR,15,2024,Active,TRUE
CAM00425,Banaskantha,Home Department - Police,Bhabhar,IP PTZ,CP Plus,Government,24.066446,71.599392,Cloud,15,2024,Active,TRUE
CAM00426,Banaskantha,Home Department - Police,Bhildi,IP PTZ,CP Plus,Government,24.190586,72.011084,Cloud,7,2025,Active,TRUE
CAM00427,Banaskantha,Home Department - Police,Bhildi,IP PTZ,Hikvision,Government,24.190735,72.010126,Local NVR,15,2017,Maintenance,TRUE
CAM00428,Banaskantha,Home Department - Police,Bhildi,Analog Dome,Bosch,Government,24.191308,72.010791,Cloud,15,2017,Maintenance,TRUE
CAM00429,Banaskantha,Home Department - Police,Chhapi,IP PTZ,Dahua,Government,24.029155,72.399465,Cloud,15,2023,Offline,TRUE
CAM00430,Banaskantha,Home Department - Police,Chhapi,IP Dome,Dahua,Government,24.02893,72.400739,Local NVR,30,2017,Active,TRUE
CAM00431,Banaskantha,Home Department - Police,Chhapi,IP PTZ,Honeywell,Government,24.029815,72.400898,Local NVR,30,2024,Active,TRUE
CAM00432,Banaskantha,Home Department - Police,Danta,Analog Dome,Honeywell,Government,24.185041,72.761051,Cloud,7,2016,Maintenance,TRUE
CAM00433,Banaskantha,Home Department - Police,Danta,IP Bullet,CP Plus,Government,24.184814,72.762112,Cloud,15,2019,Active,TRUE
CAM00434,Banaskantha,Home Department - Police,Danta,Analog Dome,Dahua,Government,24.186282,72.761124,Local NVR,30,2018,Active,TRUE
CAM00435,Banaskantha,Home Department - Police,Deesa Rural,Analog PTZ,Honeywell,Government,24.261823,72.184633,Local NVR,7,2021,Offline,TRUE
CAM00436,Banaskantha,Home Department - Police,Deesa Rural,IP PTZ,CP Plus,Government,24.262182,72.185325,Cloud,30,2017,Offline,TRUE
CAM00437,Banaskantha,Home Department - Police,Deesa South,Analog Dome,Hikvision,Government,24.256524,72.176832,Local NVR,30,2017,Active,TRUE
CAM00438,Banaskantha,Home Department - Police,Deesa South,Analog Dome,Honeywell,Government,24.256739,72.175616,Local NVR,7,2023,Active,TRUE
CAM00439,Banaskantha,Home Department - Police,Deesa South,IP PTZ,Hikvision,Government,24.255655,72.1754,Local NVR,15,2025,Active,TRUE
CAM00440,Banaskantha,Home Department - Police,Deesa South,Analog PTZ,Hikvision,Government,24.255248,72.175996,Local NVR,15,2020,Active,TRUE
CAM00441,Banaskantha,Home Department - Police,Deodar,IP Bullet,CP Plus,Government,24.109653,71.776224,Local NVR,30,2017,Maintenance,TRUE
CAM00442,Banaskantha,Home Department - Police,Deodar,Analog Dome,Hikvision,Government,24.109529,71.775257,Cloud,15,2022,Active,TRUE
CAM00443,Banaskantha,Home Department - Police,Deodar,Analog Dome,Dahua,Government,24.10978,71.775412,Cloud,30,2023,Active,TRUE
CAM00444,Banaskantha,Home Department - Police,Dhanera,Analog Dome,Honeywell,Government,24.512202,72.02238,Cloud,7,2018,Active,TRUE
CAM00445,Banaskantha,Home Department - Police,Dhanera,IP Bullet,Hikvision,Government,24.513217,72.021829,Local NVR,7,2016,Active,TRUE
CAM00446,Banaskantha,Home Department - Police,Gadh,Analog Dome,Bosch,Government,24.127893,72.270428,Cloud,30,2023,Active,TRUE
CAM00447,Banaskantha,Home Department - Police,Gadh,IP Bullet,Bosch,Government,24.12797,72.270645,Local NVR,15,2023,Active,TRUE
CAM00448,Banaskantha,Home Department - Police,Gadh,Analog PTZ,Hikvision,Government,24.129043,72.270231,Local NVR,7,2017,Active,TRUE
CAM00449,Banaskantha,Home Department - Police,Gadh,IP Bullet,CP Plus,Government,24.129072,72.271169,Cloud,15,2019,Maintenance,TRUE
CAM00450,Banaskantha,Home Department - Police,Hadad,IP PTZ,CP Plus,Government,24.268772,72.980246,Cloud,30,2016,Active,TRUE
CAM00451,Banaskantha,Home Department - Police,Hadad,Analog PTZ,Bosch,Government,24.269139,72.979936,Local NVR,15,2020,Maintenance,TRUE
CAM00452,Banaskantha,Home Department - Police,Hadad,Analog Dome,Bosch,Government,24.26919,72.979681,Cloud,7,2024,Offline,TRUE
CAM00453,Banaskantha,Home Department - Police,Hadad,Analog Dome,Honeywell,Government,24.270535,72.980581,Local NVR,15,2021,Active,TRUE
CAM00454,Banaskantha,Home Department - Police,Mahila,Analog PTZ,Dahua,Government,24.175625,72.444451,Local NVR,7,2021,Active,TRUE
CAM00455,Banaskantha,Home Department - Police,Mahila,Analog Dome,Bosch,Government,24.176441,72.443105,Local NVR,30,2016,Active,TRUE
CAM00456,Banaskantha,Home Department - Police,Mahila,Analog PTZ,Bosch,Government,24.176808,72.443852,Local NVR,15,2020,Active,TRUE
CAM00457,Banaskantha,Home Department - Police,Mavsari,Analog PTZ,CP Plus,Government,24.6179,71.372438,Local NVR,30,2019,Active,TRUE
CAM00458,Banaskantha,Home Department - Police,Mavsari,IP Bullet,Dahua,Government,24.617538,71.37293,Cloud,15,2024,Active,TRUE
CAM00459,Banaskantha,Home Department - Police,Mavsari,IP Bullet,Dahua,Government,24.617959,71.372713,Cloud,7,2024,Active,TRUE
CAM00460,Banaskantha,Home Department - Police,Mavsari,Analog PTZ,Dahua,Government,24.617027,71.372977,Local NVR,30,2022,Active,TRUE
CAM00461,Banaskantha,Home Department - Police,Palanpur Taluka,Analog Dome,Honeywell,Government,24.193863,72.437163,Cloud,15,2025,Active,TRUE
CAM00462,Banaskantha,Home Department - Police,Palanpur Taluka,Analog Dome,Dahua,Government,24.193232,72.437877,Local NVR,7,2022,Active,TRUE
CAM00463,Banaskantha,Home Department - Police,Palanpur Taluka,Analog Dome,Bosch,Government,24.192578,72.436677,Cloud,15,2022,Active,TRUE
CAM00464,Banaskantha,Home Department - Police,Palanpur West,Analog PTZ,Hikvision,Government,24.193488,72.437731,Cloud,15,2018,Active,TRUE
CAM00465,Banaskantha,Home Department - Police,Palanpur West,IP Bullet,Bosch,Government,24.192987,72.437987,Cloud,7,2025,Offline,TRUE
CAM00466,Banaskantha,Home Department - Police,Panthawada,IP PTZ,Hikvision,Government,24.494305,72.30082,Cloud,30,2023,Active,TRUE
CAM00467,Banaskantha,Home Department - Police,Panthawada,Analog Dome,CP Plus,Government,24.49448,72.301804,Cloud,30,2021,Active,TRUE
CAM00468,Banaskantha,Home Department - Police,Panthawada,Analog PTZ,CP Plus,Government,24.494293,72.300542,Cloud,15,2021,Offline,TRUE
CAM00469,Banaskantha,Home Department - Police,Shihori,Analog PTZ,Dahua,Government,24.039352,71.94003,Local NVR,30,2016,Offline,TRUE
CAM00470,Banaskantha,Home Department - Police,Shihori,Analog PTZ,Bosch,Government,24.039874,71.94052,Local NVR,7,2018,Active,TRUE
CAM00471,Banaskantha,Home Department - Police,Shihori,IP Dome,CP Plus,Government,24.040508,71.941565,Cloud,30,2022,Active,TRUE
CAM00472,Banaskantha,Home Department - Police,Shihori,IP Bullet,Hikvision,Government,24.039181,71.939951,Local NVR,30,2024,Active,TRUE
CAM00473,Banaskantha,Home Department - Police,Suigam,Analog Dome,Hikvision,Government,24.156973,71.35462,Cloud,30,2024,Active,TRUE
CAM00474,Banaskantha,Home Department - Police,Suigam,IP PTZ,Bosch,Government,24.156571,71.354196,Local NVR,7,2017,Offline,TRUE
CAM00475,Banaskantha,Home Department - Police,Suigam,IP Dome,Dahua,Government,24.15585,71.355423,Local NVR,30,2019,Active,TRUE
CAM00476,Banaskantha,Home Department - Police,Thara,IP PTZ,Hikvision,Government,23.970561,71.827979,Cloud,15,2018,Active,TRUE
CAM00477,Banaskantha,Home Department - Police,Thara,IP Bullet,Dahua,Government,23.971037,71.827754,Cloud,15,2025,Maintenance,TRUE
CAM00478,Banaskantha,Home Department - Police,Thara,IP Bullet,Bosch,Government,23.970156,71.826929,Local NVR,7,2023,Active,TRUE
CAM00479,Banaskantha,Home Department - Police,Thara,Analog Dome,Bosch,Government,23.969647,71.827018,Cloud,7,2017,Offline,TRUE
CAM00480,Banaskantha,Home Department - Police,Tharad,IP Bullet,Bosch,Government,24.393271,71.625484,Local NVR,15,2020,Maintenance,TRUE
CAM00481,Banaskantha,Home Department - Police,Tharad,Analog PTZ,Dahua,Government,24.392059,71.626766,Local NVR,15,2016,Active,TRUE
CAM00482,Banaskantha,Home Department - Police,Vadgam,IP Bullet,CP Plus,Government,24.086065,72.489211,Local NVR,15,2016,Maintenance,TRUE
CAM00483,Banaskantha,Home Department - Police,Vadgam,Analog PTZ,Dahua,Government,24.086252,72.488091,Cloud,7,2017,Maintenance,TRUE
CAM00484,Banaskantha,Home Department - Police,Vav,IP PTZ,Bosch,Government,24.360989,71.516602,Cloud,7,2022,Active,TRUE
CAM00485,Banaskantha,Home Department - Police,Vav,IP Dome,Bosch,Government,24.36051,71.516219,Local NVR,30,2018,Maintenance,TRUE
CAM00486,Banaskantha,Home Department - Police,Vav,Analog Dome,Hikvision,Government,24.359583,71.516797,Cloud,15,2021,Maintenance,TRUE
CAM00487,Banaskantha,Home Department - Police,Deesa North,Analog PTZ,Dahua,Government,24.259392,72.183779,Cloud,30,2017,Offline,TRUE
CAM00488,Banaskantha,Home Department - Police,Deesa North,IP Bullet,Dahua,Government,24.259176,72.184024,Cloud,15,2025,Active,TRUE
CAM00489,Banaskantha,Home Department - Police,Dantiwada,IP Bullet,Honeywell,Government,24.351969,72.328903,Cloud,7,2022,Active,TRUE
CAM00490,Banaskantha,Home Department - Police,Dantiwada,IP Bullet,Hikvision,Government,24.352257,72.328531,Local NVR,15,2023,Active,TRUE
CAM00491,Banaskantha,Home Department - Police,Dantiwada,IP Bullet,Honeywell,Government,24.351943,72.328187,Local NVR,15,2024,Active,TRUE
CAM00492,Banaskantha,Home Department - Police,Palanpur East,IP Dome,Bosch,Government,24.176611,72.44435,Local NVR,15,2023,Active,TRUE
CAM00493,Banaskantha,Home Department - Police,Palanpur East,IP Dome,Bosch,Government,24.17755,72.444249,Local NVR,7,2016,Offline,TRUE
CAM00494,Bharuch,Home Department - Police,Amod,Analog Dome,Dahua,Government,21.988095,72.868104,Cloud,30,2025,Maintenance,TRUE
CAM00495,Bharuch,Home Department - Police,Amod,IP Bullet,Bosch,Government,21.989806,72.868594,Local NVR,30,2016,Offline,TRUE
CAM00496,Bharuch,Home Department - Police,Amod,IP PTZ,Hikvision,Government,21.989175,72.86923,Cloud,30,2021,Active,TRUE
CAM00497,Bharuch,Home Department - Police,Amod,Analog Dome,Honeywell,Government,21.988099,72.868579,Local NVR,30,2020,Active,TRUE
CAM00498,Bharuch,Home Department - Police,Ankleshwar City,IP Dome,Dahua,Government,21.634936,72.987839,Cloud,7,2022,Active,TRUE
CAM00499,Bharuch,Home Department - Police,Ankleshwar City,IP Bullet,Dahua,Government,21.634996,72.98766,Cloud,15,2023,Active,TRUE
CAM00500,Bharuch,Home Department - Police,Ankleshwar GIDC,IP PTZ,Honeywell,Government,21.610747,73.022237,Cloud,15,2023,Active,TRUE
CAM00501,Bharuch,Home Department - Police,Ankleshwar GIDC,Analog Dome,Bosch,Government,21.610195,73.021264,Cloud,30,2022,Offline,TRUE
CAM00502,Bharuch,Home Department - Police,Ankleshwar GIDC,IP PTZ,Honeywell,Government,21.609553,73.022644,Local NVR,30,2017,Maintenance,TRUE
CAM00503,Bharuch,Home Department - Police,Ankleshwar GIDC,Analog PTZ,Bosch,Government,21.609994,73.022273,Local NVR,15,2019,Maintenance,TRUE
CAM00504,Bharuch,Home Department - Police,Ankleshwar Rural,Analog PTZ,Honeywell,Government,21.627433,73.008932,Local NVR,30,2024,Offline,TRUE
CAM00505,Bharuch,Home Department - Police,Ankleshwar Rural,Analog PTZ,Dahua,Government,21.628323,73.008209,Cloud,30,2025,Active,TRUE
CAM00506,Bharuch,Home Department - Police,Bharuch Rural,Analog PTZ,Honeywell,Government,21.708803,73.008857,Local NVR,30,2017,Offline,TRUE
CAM00507,Bharuch,Home Department - Police,Bharuch Rural,Analog PTZ,Bosch,Government,21.709524,73.008989,Cloud,30,2024,Active,TRUE
CAM00508,Bharuch,Home Department - Police,Bharuch Rural,IP Bullet,Dahua,Government,21.707872,73.007973,Cloud,15,2016,Active,TRUE
CAM00509,Bharuch,Home Department - Police,Bharuch Rural,IP Bullet,Honeywell,Government,21.708091,73.007823,Cloud,15,2020,Maintenance,TRUE
CAM00510,Bharuch,Home Department - Police,City A Div.,IP Bullet,Honeywell,Government,21.697281,72.987447,Local NVR,7,2024,Offline,TRUE
CAM00511,Bharuch,Home Department - Police,City A Div.,IP Dome,Bosch,Government,21.697584,72.987669,Local NVR,15,2020,Active,TRUE
CAM00512,Bharuch,Home Department - Police,City B Div.,Analog Dome,Bosch,Government,21.690897,72.975039,Cloud,30,2019,Active,TRUE
CAM00513,Bharuch,Home Department - Police,City B Div.,IP Bullet,CP Plus,Government,21.692159,72.974684,Local NVR,15,2025,Active,TRUE
CAM00514,Bharuch,Home Department - Police,City B Div.,Analog Dome,Hikvision,Government,21.69257,72.973834,Local NVR,7,2018,Maintenance,TRUE
CAM00515,Bharuch,Home Department - Police,City B Div.,Analog Dome,Dahua,Government,21.691302,72.974176,Cloud,15,2018,Maintenance,TRUE
CAM00516,Bharuch,Home Department - Police,City C Div.,Analog Dome,Hikvision,Government,21.707505,73.007217,Local NVR,15,2021,Offline,TRUE
CAM00517,Bharuch,Home Department - Police,City C Div.,Analog Dome,CP Plus,Government,21.706808,73.007276,Cloud,30,2021,Active,TRUE
CAM00518,Bharuch,Home Department - Police,City C Div.,Analog Dome,Bosch,Government,21.707233,73.007432,Cloud,15,2024,Active,TRUE
CAM00519,Bharuch,Home Department - Police,City C Div.,Analog PTZ,Dahua,Government,21.707408,73.008339,Cloud,30,2021,Offline,TRUE
CAM00520,Bharuch,Home Department - Police,Dahej,IP Dome,Dahua,Government,21.714918,72.58375,Local NVR,7,2016,Offline,TRUE
CAM00521,Bharuch,Home Department - Police,Dahej,Analog PTZ,Bosch,Government,21.714777,72.582706,Cloud,15,2016,Active,TRUE
CAM00522,Bharuch,Home Department - Police,Dahej,Analog PTZ,Honeywell,Government,21.714096,72.582776,Local NVR,15,2024,Active,TRUE
CAM00523,Bharuch,Home Department - Police,Dahej Marin,IP Dome,Hikvision,Government,21.677686,72.548457,Cloud,30,2024,Offline,TRUE
CAM00524,Bharuch,Home Department - Police,Dahej Marin,IP PTZ,Hikvision,Government,21.676082,72.548228,Cloud,30,2019,Maintenance,TRUE
CAM00525,Bharuch,Home Department - Police,Dahej Marin,IP Dome,Bosch,Government,21.677233,72.549802,Local NVR,7,2018,Active,TRUE
CAM00526,Bharuch,Home Department - Police,Hansot,IP Dome,Honeywell,Government,21.585756,72.810982,Cloud,15,2024,Maintenance,TRUE
CAM00527,Bharuch,Home Department - Police,Hansot,Analog PTZ,Hikvision,Government,21.586356,72.810686,Local NVR,30,2022,Active,TRUE
CAM00528,Bharuch,Home Department - Police,Jambusar,Analog Dome,Hikvision,Government,22.052369,72.801722,Cloud,15,2017,Offline,TRUE
CAM00529,Bharuch,Home Department - Police,Jambusar,Analog Dome,Hikvision,Government,22.052549,72.801841,Local NVR,15,2020,Maintenance,TRUE
CAM00530,Bharuch,Home Department - Police,Jambusar,IP Bullet,Honeywell,Government,22.053069,72.801614,Cloud,7,2023,Maintenance,TRUE
CAM00531,Bharuch,Home Department - Police,Jambusar,IP Bullet,Dahua,Government,22.053792,72.801954,Local NVR,7,2020,Offline,TRUE
CAM00532,Bharuch,Home Department - Police,Kavi,Analog Dome,Bosch,Government,22.194675,72.635299,Cloud,15,2025,Active,TRUE
CAM00533,Bharuch,Home Department - Police,Kavi,IP Bullet,Bosch,Government,22.195768,72.63685,Cloud,7,2021,Active,TRUE
CAM00534,Bharuch,Home Department - Police,Kavi,IP Dome,CP Plus,Government,22.194818,72.636727,Cloud,30,2019,Maintenance,TRUE
CAM00535,Bharuch,Home Department - Police,Kavi,Analog PTZ,Hikvision,Government,22.195581,72.635356,Cloud,30,2017,Offline,TRUE
CAM00536,Bharuch,Home Department - Police,Mahila,IP Dome,Dahua,Government,21.697881,72.986675,Cloud,7,2019,Active,TRUE
CAM00537,Bharuch,Home Department - Police,Mahila,Analog Dome,CP Plus,Government,21.697043,72.986623,Local NVR,15,2020,Maintenance,TRUE
CAM00538,Bharuch,Home Department - Police,Mahila,IP PTZ,Dahua,Government,21.696472,72.986596,Local NVR,7,2019,Active,TRUE
CAM00539,Bharuch,Home Department - Police,Nabipur,IP PTZ,Honeywell,Government,21.81135,73.0322,Cloud,7,2020,Offline,TRUE
CAM00540,Bharuch,Home Department - Police,Nabipur,Analog Dome,CP Plus,Government,21.810665,73.032059,Local NVR,30,2018,Active,TRUE
CAM00541,Bharuch,Home Department - Police,Nabipur,IP Dome,Honeywell,Government,21.811826,73.03316,Local NVR,30,2024,Active,TRUE
CAM00542,Bharuch,Home Department - Police,Netrang,IP PTZ,CP Plus,Government,21.638338,73.365209,Local NVR,15,2024,Active,TRUE
CAM00543,Bharuch,Home Department - Police,Netrang,IP Bullet,Bosch,Government,21.63895,73.365292,Cloud,15,2020,Active,TRUE
CAM00544,Bharuch,Home Department - Police,Palej,IP Bullet,Honeywell,Government,21.921498,73.080081,Cloud,15,2025,Active,TRUE
CAM00545,Bharuch,Home Department - Police,Palej,IP PTZ,Dahua,Government,21.921801,73.081359,Cloud,7,2018,Maintenance,TRUE
CAM00546,Bharuch,Home Department - Police,Palej,IP Dome,CP Plus,Government,21.921896,73.080127,Local NVR,15,2019,Maintenance,TRUE
CAM00547,Bharuch,Home Department - Police,Palej,Analog PTZ,Hikvision,Government,21.923131,73.081238,Local NVR,30,2016,Active,TRUE
CAM00548,Bharuch,Home Department - Police,Umalla,Analog PTZ,Honeywell,Government,21.793066,73.29784,Cloud,30,2022,Active,TRUE
CAM00549,Bharuch,Home Department - Police,Umalla,IP PTZ,Dahua,Government,21.792763,73.29916,Local NVR,15,2024,Maintenance,TRUE
CAM00550,Bharuch,Home Department - Police,Umalla,IP PTZ,CP Plus,Government,21.793683,73.297539,Cloud,7,2018,Offline,TRUE
CAM00551,Bharuch,Home Department - Police,Umalla,IP Bullet,Dahua,Government,21.793244,73.297908,Cloud,30,2018,Active,TRUE
CAM00552,Bharuch,Home Department - Police,Vagara,IP PTZ,Bosch,Government,21.843377,72.843974,Cloud,30,2023,Active,TRUE
CAM00553,Bharuch,Home Department - Police,Vagara,IP Dome,CP Plus,Government,21.843082,72.843418,Cloud,7,2019,Offline,TRUE
CAM00554,Bharuch,Home Department - Police,Vagara,IP Bullet,Dahua,Government,21.841988,72.843708,Cloud,30,2016,Maintenance,TRUE
CAM00555,Bharuch,Home Department - Police,Valiya,IP Dome,CP Plus,Government,21.569532,73.158006,Local NVR,30,2020,Maintenance,TRUE
CAM00556,Bharuch,Home Department - Police,Valiya,Analog Dome,CP Plus,Government,21.569348,73.157165,Cloud,30,2022,Offline,TRUE
CAM00557,Bharuch,Home Department - Police,Valiya,IP PTZ,Honeywell,Government,21.568263,73.158162,Cloud,7,2021,Maintenance,TRUE
CAM00558,Bharuch,Home Department - Police,Valiya,Analog Dome,Honeywell,Government,21.568481,73.157053,Local NVR,7,2019,Offline,TRUE
CAM00559,Bharuch,Home Department - Police,Vedach,IP Dome,Honeywell,Government,22.143297,72.836554,Cloud,7,2025,Maintenance,TRUE
CAM00560,Bharuch,Home Department - Police,Vedach,IP Dome,Bosch,Government,22.144165,72.836555,Local NVR,15,2024,Active,TRUE
CAM00561,Bharuch,Home Department - Police,Zaghadiya,IP PTZ,Dahua,Government,21.716144,73.152123,Cloud,15,2023,Active,TRUE
CAM00562,Bharuch,Home Department - Police,Zaghadiya,Analog PTZ,Honeywell,Government,21.715648,73.153089,Local NVR,15,2017,Active,TRUE
CAM00563,Bharuch,Home Department - Police,Zaghadiya,Analog Dome,Honeywell,Government,21.7152,73.153049,Cloud,30,2016,Active,TRUE
CAM00564,Bharuch,Home Department - Police,Zaghadiya,IP PTZ,Dahua,Government,21.715865,73.15208,Cloud,7,2021,Maintenance,TRUE
CAM00565,Bharuch,Home Department - Police,Rajpardi,IP PTZ,Honeywell,Government,21.775144,73.218956,Local NVR,30,2024,Active,TRUE
CAM00566,Bharuch,Home Department - Police,Rajpardi,IP PTZ,Honeywell,Government,21.775875,73.219201,Local NVR,7,2019,Active,TRUE
CAM00567,Bharuch,Home Department - Police,Rajpardi,Analog Dome,Dahua,Government,21.775096,73.219357,Local NVR,30,2020,Active,TRUE
CAM00568,Bharuch,Home Department - Police,Rajpardi,IP PTZ,CP Plus,Government,21.775629,73.219673,Cloud,7,2019,Offline,TRUE
CAM00569,Bhavnagar,Home Department - Police,A Div.(Nilambaug),IP Dome,CP Plus,Government,21.766625,72.139752,Local NVR,30,2025,Active,TRUE
CAM00570,Bhavnagar,Home Department - Police,A Div.(Nilambaug),Analog Dome,Bosch,Government,21.766658,72.139792,Cloud,7,2023,Active,TRUE
CAM00571,Bhavnagar,Home Department - Police,A Div.(Nilambaug),IP PTZ,Bosch,Government,21.765609,72.138454,Local NVR,30,2016,Offline,TRUE
CAM00572,Bhavnagar,Home Department - Police,Alang,IP PTZ,Hikvision,Government,21.417946,72.160988,Cloud,30,2023,Offline,TRUE
CAM00573,Bhavnagar,Home Department - Police,Alang,Analog Dome,Honeywell,Government,21.416759,72.159572,Cloud,30,2025,Active,TRUE
CAM00574,Bhavnagar,Home Department - Police,Alang Marin,IP Bullet,Hikvision,Government,21.682656,72.281608,Local NVR,15,2016,Active,TRUE
CAM00575,Bhavnagar,Home Department - Police,Alang Marin,Analog Dome,Hikvision,Government,21.683796,72.281907,Cloud,7,2019,Offline,TRUE
CAM00576,Bhavnagar,Home Department - Police,Alang Marin,Analog PTZ,Dahua,Government,21.683103,72.282671,Local NVR,7,2025,Offline,TRUE
CAM00577,Bhavnagar,Home Department - Police,Alang Marin,Analog Dome,Hikvision,Government,21.684325,72.281996,Local NVR,7,2022,Maintenance,TRUE
CAM00578,Bhavnagar,Home Department - Police,B Div.(Ghogha Road),Analog PTZ,Hikvision,Government,21.771562,72.149321,Local NVR,30,2020,Offline,TRUE
CAM00579,Bhavnagar,Home Department - Police,B Div.(Ghogha Road),Analog Dome,Bosch,Government,21.77182,72.149988,Cloud,15,2022,Maintenance,TRUE
CAM00580,Bhavnagar,Home Department - Police,B Div.(Ghogha Road),IP PTZ,Hikvision,Government,21.772597,72.150805,Local NVR,7,2016,Maintenance,TRUE
CAM00581,Bhavnagar,Home Department - Police,B Div.(Ghogha Road),Analog PTZ,Bosch,Government,21.772511,72.150981,Local NVR,30,2019,Offline,TRUE
CAM00582,Bhavnagar,Home Department - Police,Bagdana,IP Dome,Bosch,Government,21.321668,71.827112,Local NVR,7,2020,Offline,TRUE
CAM00583,Bhavnagar,Home Department - Police,Bagdana,IP Bullet,Honeywell,Government,21.322084,71.827496,Local NVR,7,2021,Active,TRUE
CAM00584,Bhavnagar,Home Department - Police,Bhavnagar Port,Analog PTZ,CP Plus,Government,21.772027,72.145323,Cloud,7,2019,Active,TRUE
CAM00585,Bhavnagar,Home Department - Police,Bhavnagar Port,IP Dome,Hikvision,Government,21.772205,72.145541,Local NVR,30,2017,Active,TRUE
CAM00586,Bhavnagar,Home Department - Police,Bhavnagar Port,IP PTZ,Dahua,Government,21.772076,72.145875,Local NVR,15,2016,Offline,TRUE
CAM00587,Bhavnagar,Home Department - Police,C Div. (Gangajaliya),Analog PTZ,Bosch,Government,21.772823,72.151364,Cloud,30,2024,Active,TRUE
CAM00588,Bhavnagar,Home Department - Police,C Div. (Gangajaliya),Analog Dome,Hikvision,Government,21.772037,72.151031,Local NVR,15,2023,Active,TRUE
CAM00589,Bhavnagar,Home Department - Police,C Div. (Gangajaliya),IP PTZ,Dahua,Government,21.772763,72.149809,Cloud,7,2024,Active,TRUE
CAM00590,Bhavnagar,Home Department - Police,D Div. (Bortalav),Analog PTZ,CP Plus,Government,21.764668,72.151702,Local NVR,7,2025,Active,TRUE
CAM00591,Bhavnagar,Home Department - Police,D Div. (Bortalav),IP Bullet,Bosch,Government,21.76447,72.15222,Local NVR,7,2021,Maintenance,TRUE
CAM00592,Bhavnagar,Home Department - Police,D Div. (Bortalav),Analog PTZ,Bosch,Government,21.764883,72.151786,Cloud,30,2022,Active,TRUE
CAM00593,Bhavnagar,Home Department - Police,Datha,IP Bullet,Honeywell,Government,21.19325,71.9577,Local NVR,15,2020,Active,TRUE
CAM00594,Bhavnagar,Home Department - Police,Datha,IP PTZ,Hikvision,Government,21.192278,71.95796,Cloud,15,2018,Maintenance,TRUE
CAM00595,Bhavnagar,Home Department - Police,Datha,Analog Dome,Dahua,Government,21.192257,71.957842,Local NVR,15,2024,Active,TRUE
CAM00596,Bhavnagar,Home Department - Police,Datha,IP Dome,CP Plus,Government,21.193027,71.957256,Cloud,7,2022,Active,TRUE
CAM00597,Bhavnagar,Home Department - Police,Gariadhar,Analog PTZ,Dahua,Government,21.442161,71.576127,Local NVR,30,2021,Offline,TRUE
CAM00598,Bhavnagar,Home Department - Police,Gariadhar,IP PTZ,Hikvision,Government,21.442328,71.576418,Local NVR,30,2016,Offline,TRUE
CAM00599,Bhavnagar,Home Department - Police,Gariadhar,IP Bullet,Dahua,Government,21.441009,71.576991,Local NVR,15,2024,Offline,TRUE
CAM00600,Bhavnagar,Home Department - Police,Ghogha,IP PTZ,Honeywell,Government,21.687609,72.272114,Local NVR,15,2017,Active,TRUE
CAM00601,Bhavnagar,Home Department - Police,Ghogha,IP PTZ,Honeywell,Government,21.687777,72.272463,Local NVR,7,2021,Active,TRUE
CAM00602,Bhavnagar,Home Department - Police,Ghogha,Analog PTZ,Dahua,Government,21.686506,72.271721,Local NVR,15,2021,Maintenance,TRUE
CAM00603,Bhavnagar,Home Department - Police,Jesar,IP PTZ,CP Plus,Government,21.368625,71.666817,Cloud,7,2023,Active,TRUE
CAM00604,Bhavnagar,Home Department - Police,Jesar,IP Bullet,CP Plus,Government,21.368589,71.667071,Local NVR,7,2017,Active,TRUE
CAM00605,Bhavnagar,Home Department - Police,Jesar,IP Dome,Hikvision,Government,21.367394,71.667461,Local NVR,30,2024,Active,TRUE
CAM00606,Bhavnagar,Home Department - Police,Khuntwada,Analog PTZ,CP Plus,Government,21.190251,71.646757,Cloud,30,2022,Active,TRUE
CAM00607,Bhavnagar,Home Department - Police,Khuntwada,IP Bullet,Hikvision,Government,21.190577,71.646706,Cloud,30,2024,Active,TRUE
CAM00608,Bhavnagar,Home Department - Police,Mahila,Analog PTZ,Honeywell,Government,21.772866,72.149927,Local NVR,7,2024,Offline,TRUE
CAM00609,Bhavnagar,Home Department - Police,Mahila,IP PTZ,Honeywell,Government,21.771629,72.150162,Local NVR,15,2025,Maintenance,TRUE
CAM00610,Bhavnagar,Home Department - Police,Mahila,Analog PTZ,Dahua,Government,21.772281,72.150534,Local NVR,15,2023,Active,TRUE
CAM00611,Bhavnagar,Home Department - Police,Mahuva,Analog PTZ,Dahua,Government,21.091435,71.769284,Local NVR,30,2018,Active,TRUE
CAM00612,Bhavnagar,Home Department - Police,Mahuva,Analog PTZ,Hikvision,Government,21.092654,71.769227,Local NVR,15,2023,Offline,TRUE
CAM00613,Bhavnagar,Home Department - Police,Mahuva,IP Bullet,Bosch,Government,21.091832,71.768355,Local NVR,15,2021,Active,TRUE
CAM00614,Bhavnagar,Home Department - Police,Palitana Rural,IP Bullet,Dahua,Government,21.531539,71.831534,Cloud,15,2022,Active,TRUE
CAM00615,Bhavnagar,Home Department - Police,Palitana Rural,Analog PTZ,Dahua,Government,21.531182,71.831811,Local NVR,15,2025,Active,TRUE
CAM00616,Bhavnagar,Home Department - Police,Palitana Town,Analog Dome,Bosch,Government,21.528806,71.829634,Local NVR,30,2023,Offline,TRUE
CAM00617,Bhavnagar,Home Department - Police,Palitana Town,IP Dome,Honeywell,Government,21.529364,71.82969,Cloud,7,2018,Active,TRUE
CAM00618,Bhavnagar,Home Department - Police,Shihor,IP Bullet,Hikvision,Government,21.716101,71.959164,Cloud,7,2016,Maintenance,TRUE
CAM00619,Bhavnagar,Home Department - Police,Shihor,Analog PTZ,Bosch,Government,21.716007,71.958633,Cloud,15,2023,Active,TRUE
CAM00620,Bhavnagar,Home Department - Police,Shihor,Analog PTZ,Bosch,Government,21.717134,71.95959,Cloud,30,2016,Maintenance,TRUE
CAM00621,Bhavnagar,Home Department - Police,Songadh,IP Dome,Hikvision,Government,21.707409,71.88618,Cloud,15,2022,Maintenance,TRUE
CAM00622,Bhavnagar,Home Department - Police,Songadh,IP PTZ,Hikvision,Government,21.707508,71.886455,Cloud,15,2019,Maintenance,TRUE
CAM00623,Bhavnagar,Home Department - Police,Talaja,IP Dome,Honeywell,Government,21.352069,72.040442,Cloud,15,2018,Maintenance,TRUE
CAM00624,Bhavnagar,Home Department - Police,Talaja,IP Bullet,Hikvision,Government,21.351488,72.039115,Cloud,30,2016,Maintenance,TRUE
CAM00625,Bhavnagar,Home Department - Police,Talaja,Analog Dome,Hikvision,Government,21.350923,72.039058,Local NVR,7,2020,Active,TRUE
CAM00626,Bhavnagar,Home Department - Police,Talaja,Analog Dome,CP Plus,Government,21.352083,72.039803,Local NVR,7,2023,Active,TRUE
CAM00627,Bhavnagar,Home Department - Police,Umarala,IP Dome,Hikvision,Government,21.845217,71.802442,Local NVR,30,2021,Active,TRUE
CAM00628,Bhavnagar,Home Department - Police,Umarala,IP PTZ,CP Plus,Government,21.845579,71.802632,Local NVR,30,2018,Active,TRUE
CAM00629,Bhavnagar,Home Department - Police,Vallabhipur,Analog PTZ,CP Plus,Government,21.891748,71.877726,Local NVR,7,2022,Maintenance,TRUE
CAM00630,Bhavnagar,Home Department - Police,Vallabhipur,IP PTZ,CP Plus,Government,21.8917,71.878694,Cloud,30,2024,Active,TRUE
CAM00631,Bhavnagar,Home Department - Police,Vallabhipur,Analog Dome,CP Plus,Government,21.891011,71.878531,Cloud,30,2025,Active,TRUE
CAM00632,Bhavnagar,Home Department - Police,Vartej,IP PTZ,Hikvision,Government,21.741554,72.06258,Local NVR,30,2021,Active,TRUE
CAM00633,Bhavnagar,Home Department - Police,Vartej,Analog Dome,CP Plus,Government,21.742611,72.063222,Local NVR,30,2021,Active,TRUE
CAM00634,Bhavnagar,Home Department - Police,Vartej,IP Bullet,Honeywell,Government,21.742207,72.063076,Local NVR,30,2022,Active,TRUE
CAM00635,Bhavnagar,Home Department - Police,Velavadar Bhal,IP Dome,Hikvision,Government,22.040761,72.015366,Cloud,7,2021,Active,TRUE
CAM00636,Bhavnagar,Home Department - Police,Velavadar Bhal,IP PTZ,CP Plus,Government,22.040573,72.014684,Cloud,7,2017,Offline,TRUE
CAM00637,Bhavnagar,Home Department - Police,Velavadar Bhal,Analog Dome,Honeywell,Government,22.041406,72.015327,Local NVR,7,2023,Active,TRUE
CAM00638,Bhavnagar,Home Department - Police,Velavadar Bhal,IP Bullet,Bosch,Government,22.040648,72.01592,Cloud,15,2016,Active,TRUE
CAM00639,Bhavnagar,Home Department - Police,Bharatnagar,Analog PTZ,Hikvision,Government,21.759604,72.158742,Local NVR,30,2022,Active,TRUE
CAM00640,Bhavnagar,Home Department - Police,Bharatnagar,IP Bullet,Honeywell,Government,21.759922,72.158555,Cloud,7,2017,Active,TRUE
CAM00641,Bhavnagar,Home Department - Police,Bharatnagar,IP Bullet,Honeywell,Government,21.759557,72.157394,Cloud,30,2024,Offline,TRUE
CAM00642,Botad,Home Department - Police,Barvala,Analog PTZ,Bosch,Government,22.155425,71.897097,Local NVR,7,2025,Active,TRUE
CAM00643,Botad,Home Department - Police,Barvala,Analog PTZ,CP Plus,Government,22.155508,71.896708,Local NVR,15,2024,Active,TRUE
CAM00644,Botad,Home Department - Police,Barvala,IP PTZ,Bosch,Government,22.155072,71.897512,Local NVR,30,2021,Active,TRUE
CAM00645,Botad,Home Department - Police,Botad,Analog PTZ,Dahua,Government,22.174895,71.665444,Local NVR,15,2024,Maintenance,TRUE
CAM00646,Botad,Home Department - Police,Botad,Analog Dome,Hikvision,Government,22.173913,71.664831,Cloud,15,2020,Active,TRUE
CAM00647,Botad,Home Department - Police,Botad,IP Dome,Dahua,Government,22.174454,71.665168,Cloud,7,2021,Active,TRUE
CAM00648,Botad,Home Department - Police,Botad,Analog PTZ,Honeywell,Government,22.174742,71.66505,Cloud,7,2020,Active,TRUE
CAM00649,Botad,Home Department - Police,Dhasa,IP Dome,Dahua,Government,21.805632,71.51434,Local NVR,7,2019,Maintenance,TRUE
CAM00650,Botad,Home Department - Police,Dhasa,IP Dome,Honeywell,Government,21.806953,71.514861,Local NVR,7,2025,Offline,TRUE
CAM00651,Botad,Home Department - Police,Dhasa,Analog PTZ,Bosch,Government,21.806154,71.515024,Local NVR,7,2021,Active,TRUE
CAM00652,Botad,Home Department - Police,Gadhada,IP PTZ,Hikvision,Government,21.970165,71.578155,Local NVR,30,2016,Active,TRUE
CAM00653,Botad,Home Department - Police,Gadhada,Analog Dome,CP Plus,Government,21.969565,71.578088,Cloud,7,2021,Maintenance,TRUE
CAM00654,Botad,Home Department - Police,Gadhada,Analog Dome,Hikvision,Government,21.970738,71.578426,Cloud,15,2025,Active,TRUE
CAM00655,Botad,Home Department - Police,Gadhada,IP Dome,Bosch,Government,21.970405,71.577337,Cloud,30,2021,Maintenance,TRUE
CAM00656,Botad,Home Department - Police,Paliyad,IP Bullet,Bosch,Government,22.26201,71.571234,Cloud,15,2018,Maintenance,TRUE
CAM00657,Botad,Home Department - Police,Paliyad,Analog Dome,CP Plus,Government,22.263031,71.570684,Cloud,7,2025,Active,TRUE
CAM00658,Botad,Home Department - Police,Paliyad,IP Dome,Hikvision,Government,22.263255,71.570913,Local NVR,15,2025,Active,TRUE
CAM00659,Botad,Home Department - Police,Ranpur,Analog PTZ,CP Plus,Government,22.352768,71.714237,Local NVR,30,2016,Maintenance,TRUE
CAM00660,Botad,Home Department - Police,Ranpur,IP Bullet,Dahua,Government,22.353547,71.71441,Cloud,30,2019,Active,TRUE
CAM00661,Botad,Home Department - Police,Ranpur,IP Bullet,Dahua,Government,22.352627,71.713715,Cloud,15,2025,Active,TRUE
CAM00662,Botad,Home Department - Police,Mahila,Analog Dome,CP Plus,Government,22.174339,71.662675,Cloud,30,2019,Offline,TRUE
CAM00663,Botad,Home Department - Police,Mahila,IP Bullet,Hikvision,Government,22.17488,71.663622,Local NVR,30,2025,Offline,TRUE
CAM00664,Botad,Home Department - Police,Mahila,IP Bullet,Honeywell,Government,22.173607,71.662941,Local NVR,7,2020,Maintenance,TRUE
CAM00665,Chhotaudepur,Home Department - Police,Bodeli,Analog PTZ,Hikvision,Government,22.272251,73.71574,Cloud,15,2020,Maintenance,TRUE
CAM00666,Chhotaudepur,Home Department - Police,Bodeli,Analog PTZ,Bosch,Government,22.270966,73.716305,Cloud,7,2017,Active,TRUE
CAM00667,Chhotaudepur,Home Department - Police,Bodeli,IP Dome,CP Plus,Government,22.271451,73.716444,Local NVR,15,2016,Maintenance,TRUE
CAM00668,Chhotaudepur,Home Department - Police,Bodeli,Analog PTZ,Dahua,Government,22.271258,73.715903,Local NVR,7,2021,Offline,TRUE
CAM00669,Chhotaudepur,Home Department - Police,Chhotaudepur,IP Dome,Honeywell,Government,22.312964,74.013692,Local NVR,7,2022,Active,TRUE
CAM00670,Chhotaudepur,Home Department - Police,Chhotaudepur,IP Dome,Bosch,Government,22.312118,74.013273,Cloud,15,2018,Active,TRUE
CAM00671,Chhotaudepur,Home Department - Police,Chhotaudepur,Analog Dome,Dahua,Government,22.312534,74.013334,Local NVR,30,2020,Active,TRUE
CAM00672,Chhotaudepur,Home Department - Police,Jetpurpavi,IP Bullet,Dahua,Government,22.34513,73.842776,Cloud,15,2019,Active,TRUE
CAM00673,Chhotaudepur,Home Department - Police,Jetpurpavi,Analog PTZ,Hikvision,Government,22.345137,73.842747,Cloud,7,2018,Active,TRUE
CAM00674,Chhotaudepur,Home Department - Police,Kadwal,IP PTZ,Dahua,Government,22.486524,73.767703,Local NVR,30,2022,Active,TRUE
CAM00675,Chhotaudepur,Home Department - Police,Kadwal,IP Bullet,Hikvision,Government,22.485489,73.766663,Local NVR,30,2018,Offline,TRUE
CAM00676,Chhotaudepur,Home Department - Police,Karali,Analog PTZ,Hikvision,Government,22.204455,73.845571,Local NVR,7,2016,Offline,TRUE
CAM00677,Chhotaudepur,Home Department - Police,Karali,IP Bullet,Bosch,Government,22.205562,73.845997,Local NVR,15,2021,Active,TRUE
CAM00678,Chhotaudepur,Home Department - Police,Karali,IP Dome,Dahua,Government,22.204334,73.84556,Local NVR,7,2022,Active,TRUE
CAM00679,Chhotaudepur,Home Department - Police,Karali,Analog Dome,Bosch,Government,22.205403,73.845272,Local NVR,15,2023,Active,TRUE
CAM00680,Chhotaudepur,Home Department - Police,Kwant,Analog PTZ,Bosch,Government,22.090493,74.055352,Cloud,30,2022,Active,TRUE
CAM00681,Chhotaudepur,Home Department - Police,Kwant,IP Bullet,Honeywell,Government,22.090577,74.056766,Local NVR,30,2016,Active,TRUE
CAM00682,Chhotaudepur,Home Department - Police,Kwant,IP Bullet,Dahua,Government,22.090768,74.056206,Local NVR,15,2016,Active,TRUE
CAM00683,Chhotaudepur,Home Department - Police,Naswadi,IP Dome,Honeywell,Government,22.048754,73.731943,Cloud,15,2025,Maintenance,TRUE
CAM00684,Chhotaudepur,Home Department - Police,Naswadi,Analog Dome,Honeywell,Government,22.048087,73.732084,Cloud,15,2018,Maintenance,TRUE
CAM00685,Chhotaudepur,Home Department - Police,Naswadi,Analog Dome,CP Plus,Government,22.048506,73.731228,Local NVR,7,2023,Active,TRUE
CAM00686,Chhotaudepur,Home Department - Police,Rangpur,IP Dome,Hikvision,Government,22.375685,74.168603,Cloud,30,2018,Maintenance,TRUE
CAM00687,Chhotaudepur,Home Department - Police,Rangpur,Analog Dome,Honeywell,Government,22.375581,74.167124,Cloud,15,2022,Offline,TRUE
CAM00688,Chhotaudepur,Home Department - Police,Rangpur,Analog Dome,CP Plus,Government,22.375125,74.168353,Cloud,7,2021,Active,TRUE
CAM00689,Chhotaudepur,Home Department - Police,Sankheda,Analog PTZ,CP Plus,Government,22.168422,73.576344,Cloud,7,2023,Active,TRUE
CAM00690,Chhotaudepur,Home Department - Police,Sankheda,IP PTZ,Bosch,Government,22.168336,73.577167,Local NVR,30,2016,Active,TRUE
CAM00691,Chhotaudepur,Home Department - Police,Sankheda,Analog Dome,Bosch,Government,22.169424,73.576677,Local NVR,15,2019,Maintenance,TRUE
CAM00692,Chhotaudepur,Home Department - Police,Sankheda,Analog Dome,Dahua,Government,22.168473,73.576869,Cloud,7,2019,Active,TRUE
CAM00693,Chhotaudepur,Home Department - Police,Panvad,IP Dome,Honeywell,Government,22.20714,74.03483,Local NVR,15,2018,Active,TRUE
CAM00694,Chhotaudepur,Home Department - Police,Panvad,IP Bullet,Dahua,Government,22.207129,74.034953,Cloud,15,2018,Offline,TRUE
CAM00695,Chhotaudepur,Home Department - Police,Mahila,Analog PTZ,Dahua,Government,22.304466,74.015365,Local NVR,7,2020,Maintenance,TRUE
CAM00696,Chhotaudepur,Home Department - Police,Mahila,IP Bullet,Hikvision,Government,22.304307,74.015314,Local NVR,15,2023,Offline,TRUE
CAM00697,Chhotaudepur,Home Department - Police,Mahila,Analog Dome,Hikvision,Government,22.303534,74.015575,Cloud,30,2019,Offline,TRUE
CAM00698,Dahod,Home Department - Police,Dahod Rural,IP PTZ,Honeywell,Government,22.831264,74.22833,Local NVR,15,2020,Offline,TRUE
CAM00699,Dahod,Home Department - Police,Dahod Rural,Analog Dome,Honeywell,Government,22.831428,74.228212,Local NVR,30,2018,Maintenance,TRUE
CAM00700,Dahod,Home Department - Police,Dahod Town,Analog PTZ,CP Plus,Government,22.839534,74.260101,Cloud,7,2019,Active,TRUE
CAM00701,Dahod,Home Department - Police,Dahod Town,Analog Dome,Bosch,Government,22.838917,74.259944,Local NVR,7,2019,Active,TRUE
CAM00702,Dahod,Home Department - Police,Dahod Town,IP Dome,CP Plus,Government,22.838709,74.259961,Local NVR,15,2019,Active,TRUE
CAM00703,Dahod,Home Department - Police,Devgadh Baria,IP Dome,Dahua,Government,22.700651,73.91578,Local NVR,15,2016,Offline,TRUE
CAM00704,Dahod,Home Department - Police,Devgadh Baria,IP Bullet,Dahua,Government,22.701219,73.914842,Local NVR,30,2018,Maintenance,TRUE
CAM00705,Dahod,Home Department - Police,Devgadh Baria,IP PTZ,CP Plus,Government,22.701759,73.916225,Local NVR,30,2018,Active,TRUE
CAM00706,Dahod,Home Department - Police,Dhanpur,Analog Dome,Dahua,Government,22.636801,74.098408,Local NVR,30,2016,Offline,TRUE
CAM00707,Dahod,Home Department - Police,Dhanpur,Analog PTZ,Hikvision,Government,22.635424,74.098702,Cloud,15,2021,Active,TRUE
CAM00708,Dahod,Home Department - Police,Dhanpur,IP Bullet,Honeywell,Government,22.636,74.098338,Local NVR,7,2024,Offline,TRUE
CAM00709,Dahod,Home Department - Police,Fatepura,IP Dome,Dahua,Government,23.259956,74.039953,Local NVR,7,2021,Maintenance,TRUE
CAM00710,Dahod,Home Department - Police,Fatepura,IP Bullet,Honeywell,Government,23.259979,74.039269,Local NVR,7,2020,Active,TRUE
CAM00711,Dahod,Home Department - Police,Garbada,IP PTZ,Honeywell,Government,22.685923,74.31167,Cloud,15,2017,Offline,TRUE
CAM00712,Dahod,Home Department - Police,Garbada,Analog Dome,Dahua,Government,22.684787,74.310882,Local NVR,7,2023,Active,TRUE
CAM00713,Dahod,Home Department - Police,Garbada,IP Bullet,Hikvision,Government,22.68599,74.311958,Local NVR,15,2018,Offline,TRUE
CAM00714,Dahod,Home Department - Police,Katvara,IP Dome,Dahua,Government,22.777752,74.352507,Local NVR,7,2025,Active,TRUE
CAM00715,Dahod,Home Department - Police,Katvara,IP Dome,Honeywell,Government,22.778682,74.352015,Local NVR,30,2020,Active,TRUE
CAM00716,Dahod,Home Department - Police,Limdi,Analog PTZ,Bosch,Government,23.009247,74.157912,Cloud,15,2024,Active,TRUE
CAM00717,Dahod,Home Department - Police,Limdi,Analog Dome,Honeywell,Government,23.009169,74.157602,Cloud,7,2025,Offline,TRUE
CAM00718,Dahod,Home Department - Police,Limdi,Analog PTZ,Honeywell,Government,23.009517,74.157969,Cloud,7,2018,Active,TRUE
CAM00719,Dahod,Home Department - Police,Limkheda,IP Dome,CP Plus,Government,22.828423,73.988708,Cloud,15,2023,Active,TRUE
CAM00720,Dahod,Home Department - Police,Limkheda,IP PTZ,CP Plus,Government,22.82751,73.988195,Local NVR,30,2022,Active,TRUE
CAM00721,Dahod,Home Department - Police,Limkheda,IP Dome,Bosch,Government,22.827881,73.989569,Cloud,7,2024,Maintenance,TRUE
CAM00722,Dahod,Home Department - Police,Mahila,IP PTZ,CP Plus,Government,22.83796,74.259472,Cloud,7,2023,Offline,TRUE
CAM00723,Dahod,Home Department - Police,Mahila,Analog PTZ,Dahua,Government,22.837604,74.258894,Local NVR,15,2018,Active,TRUE
CAM00724,Dahod,Home Department - Police,Randhikpur,IP Bullet,Dahua,Government,22.962265,73.961348,Local NVR,30,2023,Offline,TRUE
CAM00725,Dahod,Home Department - Police,Randhikpur,Analog PTZ,Honeywell,Government,22.961638,73.9609,Cloud,15,2017,Offline,TRUE
CAM00726,Dahod,Home Department - Police,Sanjeli,IP Bullet,Honeywell,Government,23.058171,73.969414,Cloud,15,2025,Maintenance,TRUE
CAM00727,Dahod,Home Department - Police,Sanjeli,IP PTZ,Bosch,Government,23.057569,73.969045,Local NVR,30,2025,Active,TRUE
CAM00728,Dahod,Home Department - Police,Sanjeli,IP PTZ,Hikvision,Government,23.057762,73.969875,Local NVR,15,2025,Offline,TRUE
CAM00729,Dahod,Home Department - Police,Sukhsar,IP Dome,Honeywell,Government,23.1502,74.025757,Cloud,30,2022,Offline,TRUE
CAM00730,Dahod,Home Department - Police,Sukhsar,IP Dome,Hikvision,Government,23.150108,74.026122,Cloud,7,2023,Offline,TRUE
CAM00731,Dahod,Home Department - Police,Zalod,IP PTZ,Honeywell,Government,23.104846,74.158626,Local NVR,15,2018,Offline,TRUE
CAM00732,Dahod,Home Department - Police,Zalod,Analog PTZ,Honeywell,Government,23.104428,74.157615,Local NVR,15,2021,Active,TRUE
CAM00733,Dahod,Home Department - Police,Zalod,Analog Dome,Bosch,Government,23.105171,74.158312,Cloud,15,2025,Active,TRUE
CAM00734,Dahod,Home Department - Police,Zalod,IP Dome,Honeywell,Government,23.104053,74.158251,Local NVR,7,2016,Active,TRUE
CAM00735,Dahod,Home Department - Police,Jesavada,Analog PTZ,Bosch,Government,22.739623,74.198764,Local NVR,15,2022,Maintenance,TRUE
CAM00736,Dahod,Home Department - Police,Jesavada,IP Bullet,CP Plus,Government,22.740181,74.198692,Local NVR,15,2023,Maintenance,TRUE
CAM00737,Dahod,Home Department - Police,Sagtala,IP Bullet,Hikvision,Government,22.566714,73.908701,Cloud,30,2018,Active,TRUE
CAM00738,Dahod,Home Department - Police,Sagtala,IP Bullet,Hikvision,Government,22.566454,73.908723,Cloud,30,2022,Maintenance,TRUE
CAM00739,Dang,Home Department - Police,Ahwa,Analog Dome,CP Plus,Government,20.758146,73.688126,Local NVR,30,2022,Maintenance,TRUE
CAM00740,Dang,Home Department - Police,Ahwa,IP Bullet,CP Plus,Government,20.757532,73.687684,Local NVR,30,2021,Active,TRUE
CAM00741,Dang,Home Department - Police,Ahwa,Analog Dome,Dahua,Government,20.757578,73.688398,Local NVR,30,2019,Offline,TRUE
CAM00742,Dang,Home Department - Police,Mahila,Analog PTZ,Hikvision,Government,20.757141,73.687866,Local NVR,30,2023,Active,TRUE
CAM00743,Dang,Home Department - Police,Mahila,IP PTZ,Honeywell,Government,20.757337,73.689114,Cloud,30,2020,Offline,TRUE
CAM00744,Dang,Home Department - Police,Mahila,Analog Dome,Honeywell,Government,20.75724,73.688648,Local NVR,30,2017,Active,TRUE
CAM00745,Dang,Home Department - Police,Saputara,Analog Dome,Bosch,Government,20.579377,73.751112,Local NVR,15,2023,Active,TRUE
CAM00746,Dang,Home Department - Police,Saputara,IP Bullet,Hikvision,Government,20.580143,73.75253,Local NVR,30,2020,Offline,TRUE
CAM00747,Dang,Home Department - Police,Saputara,IP Bullet,Honeywell,Government,20.578883,73.752226,Cloud,30,2025,Active,TRUE
CAM00748,Dang,Home Department - Police,Subir,IP Bullet,Honeywell,Government,20.932518,73.775509,Cloud,15,2017,Active,TRUE
CAM00749,Dang,Home Department - Police,Subir,IP Dome,Hikvision,Government,20.931633,73.775499,Cloud,30,2020,Active,TRUE
CAM00750,Dang,Home Department - Police,Subir,Analog PTZ,CP Plus,Government,20.93258,73.775659,Local NVR,7,2018,Offline,TRUE
CAM00751,Dang,Home Department - Police,Subir,IP Bullet,Honeywell,Government,20.932946,73.77561,Cloud,15,2017,Maintenance,TRUE
CAM00752,Dang,Home Department - Police,Vaghai,IP Bullet,Honeywell,Government,20.772651,73.497235,Local NVR,7,2018,Active,TRUE
CAM00753,Dang,Home Department - Police,Vaghai,IP PTZ,Bosch,Government,20.773583,73.496652,Local NVR,15,2018,Maintenance,TRUE
CAM00754,Dang,Home Department - Police,Vaghai,IP Bullet,Bosch,Government,20.773566,73.497797,Local NVR,15,2024,Active,TRUE
CAM00755,Devbhumi Dwarka,Home Department - Police,Bhanwad,IP PTZ,Bosch,Government,21.930661,69.779605,Local NVR,30,2020,Active,TRUE
CAM00756,Devbhumi Dwarka,Home Department - Police,Bhanwad,IP PTZ,Honeywell,Government,21.929881,69.779778,Local NVR,15,2021,Active,TRUE
CAM00757,Devbhumi Dwarka,Home Department - Police,Dwarka,IP PTZ,Bosch,Government,22.244398,68.972707,Cloud,30,2025,Offline,TRUE
CAM00758,Devbhumi Dwarka,Home Department - Police,Dwarka,Analog PTZ,Honeywell,Government,22.244341,68.973183,Cloud,30,2018,Active,TRUE
CAM00759,Devbhumi Dwarka,Home Department - Police,Dwarka,Analog Dome,Hikvision,Government,22.244451,68.972269,Local NVR,15,2017,Active,TRUE
CAM00760,Devbhumi Dwarka,Home Department - Police,Kalyanpur,Analog Dome,Hikvision,Government,22.004601,69.397515,Cloud,30,2016,Active,TRUE
CAM00761,Devbhumi Dwarka,Home Department - Police,Kalyanpur,IP Dome,Honeywell,Government,22.005802,69.398316,Cloud,15,2017,Offline,TRUE
CAM00762,Devbhumi Dwarka,Home Department - Police,Kalyanpur,IP Bullet,Dahua,Government,22.005537,69.3975,Local NVR,15,2017,Active,TRUE
CAM00763,Devbhumi Dwarka,Home Department - Police,Kalyanpur,IP PTZ,Dahua,Government,22.005241,69.398828,Local NVR,7,2020,Active,TRUE
CAM00764,Devbhumi Dwarka,Home Department - Police,Khambhalia,IP Dome,Dahua,Government,22.20361,69.650384,Local NVR,7,2021,Maintenance,TRUE
CAM00765,Devbhumi Dwarka,Home Department - Police,Khambhalia,Analog Dome,Bosch,Government,22.202336,69.651458,Cloud,30,2019,Maintenance,TRUE
CAM00766,Devbhumi Dwarka,Home Department - Police,Khambhalia,IP Bullet,Honeywell,Government,22.202406,69.650668,Cloud,15,2022,Active,TRUE
CAM00767,Devbhumi Dwarka,Home Department - Police,Okha (Mithapur),IP PTZ,Hikvision,Government,22.412144,69.009877,Local NVR,7,2020,Active,TRUE
CAM00768,Devbhumi Dwarka,Home Department - Police,Okha (Mithapur),IP Bullet,Dahua,Government,22.41376,69.010946,Local NVR,30,2020,Active,TRUE
CAM00769,Devbhumi Dwarka,Home Department - Police,Okha Marin,IP PTZ,Bosch,Government,22.4742,69.078712,Cloud,30,2023,Active,TRUE
CAM00770,Devbhumi Dwarka,Home Department - Police,Okha Marin,IP Dome,Honeywell,Government,22.472932,69.079041,Local NVR,15,2023,Active,TRUE
CAM00771,Devbhumi Dwarka,Home Department - Police,Okha Marin,Analog PTZ,Honeywell,Government,22.473647,69.078462,Local NVR,7,2017,Maintenance,TRUE
CAM00772,Devbhumi Dwarka,Home Department - Police,Okha Marin,IP Bullet,Honeywell,Government,22.474295,69.077846,Cloud,15,2019,Active,TRUE
CAM00773,Devbhumi Dwarka,Home Department - Police,Salaya Marin,IP PTZ,Hikvision,Government,22.307771,69.598156,Local NVR,30,2021,Active,TRUE
CAM00774,Devbhumi Dwarka,Home Department - Police,Salaya Marin,IP Bullet,Bosch,Government,22.30677,69.59689,Local NVR,7,2025,Offline,TRUE
CAM00775,Devbhumi Dwarka,Home Department - Police,Salaya Marin,IP Dome,Hikvision,Government,22.307676,69.597441,Local NVR,7,2023,Active,TRUE
CAM00776,Devbhumi Dwarka,Home Department - Police,Vadinar Marin,IP PTZ,Honeywell,Government,22.393406,69.716257,Cloud,30,2024,Offline,TRUE
CAM00777,Devbhumi Dwarka,Home Department - Police,Vadinar Marin,IP PTZ,Hikvision,Government,22.393748,69.716174,Local NVR,30,2018,Active,TRUE
CAM00778,Devbhumi Dwarka,Home Department - Police,Vadinar Marin,IP Bullet,Hikvision,Government,22.393766,69.717212,Local NVR,7,2016,Maintenance,TRUE
CAM00779,Devbhumi Dwarka,Home Department - Police,Vadinar Marin,IP Dome,Hikvision,Government,22.394429,69.717548,Local NVR,30,2017,Offline,TRUE
CAM00780,Devbhumi Dwarka,Home Department - Police,Mahila,IP PTZ,Dahua,Government,22.210982,69.649288,Cloud,30,2021,Offline,TRUE
CAM00781,Devbhumi Dwarka,Home Department - Police,Mahila,IP Dome,Honeywell,Government,22.211851,69.649502,Cloud,15,2019,Active,TRUE
CAM00782,Gandhinagar,Home Department - Police,Adalaj,Analog PTZ,Honeywell,Government,23.168313,72.573269,Cloud,15,2018,Active,TRUE
CAM00783,Gandhinagar,Home Department - Police,Adalaj,Analog Dome,Bosch,Government,23.169486,72.571978,Cloud,7,2017,Maintenance,TRUE
CAM00784,Gandhinagar,Home Department - Police,Chiloda,Analog Dome,Dahua,Government,23.226906,72.729609,Local NVR,30,2017,Maintenance,TRUE
CAM00785,Gandhinagar,Home Department - Police,Chiloda,Analog Dome,Bosch,Government,23.228141,72.729657,Local NVR,7,2020,Active,TRUE
CAM00786,Gandhinagar,Home Department - Police,Dabhoda,Analog Dome,Hikvision,Government,23.176308,72.746287,Local NVR,15,2023,Maintenance,TRUE
CAM00787,Gandhinagar,Home Department - Police,Dabhoda,Analog Dome,Hikvision,Government,23.175071,72.745638,Local NVR,30,2017,Offline,TRUE
CAM00788,Gandhinagar,Home Department - Police,Dabhoda,Analog PTZ,Hikvision,Government,23.175458,72.746601,Cloud,7,2019,Active,TRUE
CAM00789,Gandhinagar,Home Department - Police,Dabhoda,IP PTZ,CP Plus,Government,23.176296,72.746957,Cloud,30,2023,Active,TRUE
CAM00790,Gandhinagar,Home Department - Police,Dahegam,Analog PTZ,Dahua,Government,23.170169,72.816179,Local NVR,7,2022,Active,TRUE
CAM00791,Gandhinagar,Home Department - Police,Dahegam,IP Bullet,Hikvision,Government,23.170341,72.817331,Local NVR,30,2018,Active,TRUE
CAM00792,Gandhinagar,Home Department - Police,InfoCity,Analog Dome,Dahua,Government,23.212266,72.63999,Local NVR,7,2025,Active,TRUE
CAM00793,Gandhinagar,Home Department - Police,InfoCity,IP Dome,CP Plus,Government,23.211069,72.638889,Local NVR,7,2019,Maintenance,TRUE
CAM00794,Gandhinagar,Home Department - Police,Kalol City,IP PTZ,CP Plus,Government,23.247448,72.494665,Cloud,30,2016,Maintenance,TRUE
CAM00795,Gandhinagar,Home Department - Police,Kalol City,IP Bullet,Dahua,Government,23.247637,72.494284,Local NVR,7,2023,Active,TRUE
CAM00796,Gandhinagar,Home Department - Police,Kalol Taluka,IP Bullet,Hikvision,Government,23.234379,72.497616,Local NVR,15,2020,Maintenance,TRUE
CAM00797,Gandhinagar,Home Department - Police,Kalol Taluka,Analog Dome,CP Plus,Government,23.234629,72.49721,Cloud,30,2020,Offline,TRUE
CAM00798,Gandhinagar,Home Department - Police,Mahila,IP Bullet,Honeywell,Government,23.230286,72.647969,Local NVR,15,2023,Active,TRUE
CAM00799,Gandhinagar,Home Department - Police,Mahila,IP Bullet,Dahua,Government,23.230156,72.647197,Local NVR,30,2019,Active,TRUE
CAM00800,Gandhinagar,Home Department - Police,Mansa,IP PTZ,Hikvision,Government,23.429643,72.653645,Cloud,15,2016,Offline,TRUE
CAM00801,Gandhinagar,Home Department - Police,Mansa,IP Dome,Bosch,Government,23.428001,72.652956,Local NVR,7,2023,Active,TRUE
CAM00802,Gandhinagar,Home Department - Police,Mansa,IP Bullet,CP Plus,Government,23.428945,72.652022,Local NVR,15,2022,Active,TRUE
CAM00803,Gandhinagar,Home Department - Police,Mansa,Analog PTZ,CP Plus,Government,23.429106,72.652163,Local NVR,30,2023,Offline,TRUE
CAM00804,Gandhinagar,Home Department - Police,Pethapur,IP PTZ,CP Plus,Government,23.265125,72.671462,Local NVR,30,2018,Maintenance,TRUE
CAM00805,Gandhinagar,Home Department - Police,Pethapur,IP PTZ,Dahua,Government,23.264634,72.670629,Cloud,15,2017,Maintenance,TRUE
CAM00806,Gandhinagar,Home Department - Police,Rakhiyal,IP Bullet,Hikvision,Government,23.251579,72.903433,Local NVR,30,2025,Active,TRUE
CAM00807,Gandhinagar,Home Department - Police,Rakhiyal,IP Dome,Hikvision,Government,23.25125,72.903968,Local NVR,15,2021,Maintenance,TRUE
CAM00808,Gandhinagar,Home Department - Police,Rakhiyal,Analog Dome,Hikvision,Government,23.251437,72.902988,Cloud,7,2018,Active,TRUE
CAM00809,Gandhinagar,Home Department - Police,Sector-21,IP Bullet,CP Plus,Government,23.227535,72.663487,Local NVR,15,2025,Active,TRUE
CAM00810,Gandhinagar,Home Department - Police,Sector-21,IP Dome,Dahua,Government,23.22747,72.66308,Local NVR,15,2016,Maintenance,TRUE
CAM00811,Gandhinagar,Home Department - Police,Sector-7,Analog Dome,Dahua,Government,23.212438,72.635701,Local NVR,30,2024,Active,TRUE
CAM00812,Gandhinagar,Home Department - Police,Sector-7,IP Bullet,Bosch,Government,23.21293,72.637182,Cloud,7,2017,Maintenance,TRUE
CAM00813,Gandhinagar,Home Department - Police,Sector-7,IP Dome,CP Plus,Government,23.213106,72.635999,Local NVR,7,2017,Active,TRUE
CAM00814,Gandhinagar,Home Department - Police,Sector-7,IP Dome,Dahua,Government,23.212383,72.637055,Local NVR,30,2024,Offline,TRUE
CAM00815,Gandhinagar,Home Department - Police,Traffic,Analog PTZ,CP Plus,Government,23.237423,72.655065,Cloud,7,2016,Active,TRUE
CAM00816,Gandhinagar,Home Department - Police,Traffic,IP PTZ,Honeywell,Government,23.238073,72.655244,Local NVR,30,2021,Active,TRUE
CAM00817,Gandhinagar,Home Department - Police,Satej,IP PTZ,Bosch,Government,23.107747,72.473306,Local NVR,30,2024,Active,TRUE
CAM00818,Gandhinagar,Home Department - Police,Satej,IP Bullet,Bosch,Government,23.108296,72.472604,Local NVR,15,2020,Active,TRUE
CAM00819,Gandhinagar,Home Department - Police,Satej,Analog Dome,CP Plus,Government,23.106946,72.472564,Local NVR,7,2018,Active,TRUE
CAM00820,Gir Somnath,Home Department - Police,Girgadhada,IP Bullet,CP Plus,Government,20.922078,70.91701,Cloud,7,2018,Active,TRUE
CAM00821,Gir Somnath,Home Department - Police,Girgadhada,IP Bullet,CP Plus,Government,20.921865,70.916605,Cloud,30,2021,Active,TRUE
CAM00822,Gir Somnath,Home Department - Police,Girgadhada,Analog Dome,CP Plus,Government,20.922591,70.916077,Local NVR,7,2023,Active,TRUE
CAM00823,Gir Somnath,Home Department - Police,Girgadhada,IP PTZ,Dahua,Government,20.921559,70.91671,Cloud,7,2018,Offline,TRUE
CAM00824,Gir Somnath,Home Department - Police,Kodinar,Analog PTZ,Honeywell,Government,20.795851,70.701319,Cloud,30,2023,Maintenance,TRUE
CAM00825,Gir Somnath,Home Department - Police,Kodinar,IP Dome,CP Plus,Government,20.795865,70.700251,Cloud,15,2023,Active,TRUE
CAM00826,Gir Somnath,Home Department - Police,Kodinar,Analog PTZ,Hikvision,Government,20.795978,70.701563,Local NVR,7,2023,Offline,TRUE
CAM00827,Gir Somnath,Home Department - Police,Kodinar,Analog PTZ,CP Plus,Government,20.796409,70.701099,Cloud,7,2019,Offline,TRUE
CAM00828,Gir Somnath,Home Department - Police,Navabandar Marin,IP PTZ,CP Plus,Government,20.74141,71.079673,Local NVR,15,2024,Offline,TRUE
CAM00829,Gir Somnath,Home Department - Police,Navabandar Marin,IP PTZ,CP Plus,Government,20.74128,71.079647,Local NVR,15,2021,Maintenance,TRUE
CAM00830,Gir Somnath,Home Department - Police,Navabandar Marin,Analog PTZ,Bosch,Government,20.740862,71.078461,Cloud,7,2021,Maintenance,TRUE
CAM00831,Gir Somnath,Home Department - Police,Prabhas Patan,IP Bullet,Bosch,Government,20.887655,70.407329,Local NVR,7,2020,Offline,TRUE
CAM00832,Gir Somnath,Home Department - Police,Prabhas Patan,IP PTZ,Honeywell,Government,20.886944,70.406141,Local NVR,7,2020,Offline,TRUE
CAM00833,Gir Somnath,Home Department - Police,Prabhas Patan,Analog PTZ,Bosch,Government,20.887229,70.406041,Cloud,30,2022,Maintenance,TRUE
CAM00834,Gir Somnath,Home Department - Police,Prabhas Patan,IP Bullet,CP Plus,Government,20.887146,70.407241,Local NVR,15,2018,Offline,TRUE
CAM00835,Gir Somnath,Home Department - Police,Somnath Marin,Analog PTZ,Bosch,Government,20.894693,70.394091,Local NVR,7,2025,Active,TRUE
CAM00836,Gir Somnath,Home Department - Police,Somnath Marin,IP PTZ,Hikvision,Government,20.896041,70.392881,Local NVR,15,2020,Active,TRUE
CAM00837,Gir Somnath,Home Department - Police,Somnath Marin,IP Dome,Hikvision,Government,20.895502,70.393842,Local NVR,15,2019,Active,TRUE
CAM00838,Gir Somnath,Home Department - Police,Sutrapada,IP PTZ,Dahua,Government,20.843067,70.486412,Local NVR,30,2025,Active,TRUE
CAM00839,Gir Somnath,Home Department - Police,Sutrapada,Analog PTZ,CP Plus,Government,20.842397,70.486685,Cloud,7,2016,Active,TRUE
CAM00840,Gir Somnath,Home Department - Police,Sutrapada,IP Bullet,Hikvision,Government,20.842555,70.486614,Local NVR,15,2021,Maintenance,TRUE
CAM00841,Gir Somnath,Home Department - Police,Sutrapada,Analog PTZ,Dahua,Government,20.84287,70.487085,Cloud,30,2016,Active,TRUE
CAM00842,Gir Somnath,Home Department - Police,Talala,Analog Dome,Dahua,Government,21.056787,70.531247,Local NVR,30,2018,Active,TRUE
CAM00843,Gir Somnath,Home Department - Police,Talala,IP Dome,Honeywell,Government,21.056946,70.532333,Local NVR,7,2021,Active,TRUE
CAM00844,Gir Somnath,Home Department - Police,Talala,IP PTZ,Dahua,Government,21.056704,70.531584,Cloud,7,2023,Active,TRUE
CAM00845,Gir Somnath,Home Department - Police,Talala,Analog Dome,Honeywell,Government,21.056735,70.531475,Cloud,15,2019,Maintenance,TRUE
CAM00846,Gir Somnath,Home Department - Police,Una,IP PTZ,Dahua,Government,20.821069,71.041415,Local NVR,30,2016,Active,TRUE
CAM00847,Gir Somnath,Home Department - Police,Una,Analog Dome,Dahua,Government,20.821109,71.041974,Cloud,30,2025,Active,TRUE
CAM00848,Gir Somnath,Home Department - Police,Veraval City,IP Bullet,CP Plus,Government,20.906314,70.370327,Local NVR,7,2018,Active,TRUE
CAM00849,Gir Somnath,Home Department - Police,Veraval City,IP Dome,Hikvision,Government,20.905208,70.370255,Local NVR,15,2017,Active,TRUE
CAM00850,Gir Somnath,Home Department - Police,Mahila,Analog Dome,Hikvision,Government,20.886062,70.407309,Local NVR,7,2024,Active,TRUE
CAM00851,Gir Somnath,Home Department - Police,Mahila,IP Dome,Hikvision,Government,20.885946,70.406425,Cloud,30,2016,Active,TRUE
CAM00852,Jamnagar,Home Department - Police,Bedi Marin,Analog PTZ,Honeywell,Government,22.478495,70.045841,Local NVR,15,2018,Active,TRUE
CAM00853,Jamnagar,Home Department - Police,Bedi Marin,IP Bullet,Honeywell,Government,22.478827,70.047193,Cloud,7,2025,Offline,TRUE
CAM00854,Jamnagar,Home Department - Police,City A Div.,IP Bullet,Honeywell,Government,22.464352,70.080343,Cloud,30,2020,Active,TRUE
CAM00855,Jamnagar,Home Department - Police,City A Div.,Analog PTZ,Honeywell,Government,22.465064,70.080712,Cloud,15,2023,Active,TRUE
CAM00856,Jamnagar,Home Department - Police,City B Div.,IP Bullet,Honeywell,Government,22.475944,70.06607,Cloud,15,2022,Active,TRUE
CAM00857,Jamnagar,Home Department - Police,City B Div.,IP Dome,Honeywell,Government,22.475812,70.06487,Cloud,15,2023,Active,TRUE
CAM00858,Jamnagar,Home Department - Police,City C Div.,Analog PTZ,Bosch,Government,22.477807,70.047088,Cloud,15,2017,Active,TRUE
CAM00859,Jamnagar,Home Department - Police,City C Div.,IP Bullet,Honeywell,Government,22.478111,70.047113,Local NVR,15,2023,Maintenance,TRUE
CAM00860,Jamnagar,Home Department - Police,City C Div.,Analog PTZ,CP Plus,Government,22.477628,70.045913,Cloud,30,2023,Maintenance,TRUE
CAM00861,Jamnagar,Home Department - Police,City C Div.,IP Dome,Hikvision,Government,22.478498,70.046501,Cloud,15,2024,Maintenance,TRUE
CAM00862,Jamnagar,Home Department - Police,Dhrol,IP Dome,Dahua,Government,22.563972,70.413772,Cloud,15,2018,Active,TRUE
CAM00863,Jamnagar,Home Department - Police,Dhrol,IP Bullet,Bosch,Government,22.56398,70.415372,Local NVR,15,2017,Offline,TRUE
CAM00864,Jamnagar,Home Department - Police,Dhrol,Analog PTZ,Bosch,Government,22.563978,70.41495,Local NVR,15,2022,Offline,TRUE
CAM00865,Jamnagar,Home Department - Police,Dhrol,IP Dome,Dahua,Government,22.563411,70.414971,Local NVR,15,2017,Active,TRUE
CAM00866,Jamnagar,Home Department - Police,Jamjodhpur,IP Dome,Bosch,Government,21.901702,70.034057,Cloud,7,2016,Maintenance,TRUE
CAM00867,Jamnagar,Home Department - Police,Jamjodhpur,Analog Dome,Honeywell,Government,21.901094,70.034592,Cloud,7,2020,Offline,TRUE
CAM00868,Jamnagar,Home Department - Police,Jamjodhpur,Analog PTZ,Bosch,Government,21.901388,70.03543,Local NVR,30,2019,Active,TRUE
CAM00869,Jamnagar,Home Department - Police,Jamjodhpur,Analog Dome,Hikvision,Government,21.900982,70.03546,Cloud,15,2024,Active,TRUE
CAM00870,Jamnagar,Home Department - Police,Jodiya,IP PTZ,Hikvision,Government,22.693336,70.315541,Cloud,7,2023,Offline,TRUE
CAM00871,Jamnagar,Home Department - Police,Jodiya,IP PTZ,Bosch,Government,22.693713,70.315409,Cloud,15,2018,Maintenance,TRUE
CAM00872,Jamnagar,Home Department - Police,Jodiya,Analog Dome,Honeywell,Government,22.693403,70.314203,Local NVR,15,2023,Offline,TRUE
CAM00873,Jamnagar,Home Department - Police,Kalawad Town,Analog Dome,Bosch,Government,22.209401,70.380501,Local NVR,15,2023,Active,TRUE
CAM00874,Jamnagar,Home Department - Police,Kalawad Town,Analog PTZ,Dahua,Government,22.2086,70.38086,Cloud,30,2018,Active,TRUE
CAM00875,Jamnagar,Home Department - Police,Lalpur,IP PTZ,Dahua,Government,22.191197,69.962397,Cloud,30,2021,Active,TRUE
CAM00876,Jamnagar,Home Department - Police,Lalpur,IP Dome,Hikvision,Government,22.191468,69.962943,Local NVR,7,2025,Active,TRUE
CAM00877,Jamnagar,Home Department - Police,Lalpur,IP PTZ,Bosch,Government,22.191328,69.962745,Local NVR,15,2016,Active,TRUE
CAM00878,Jamnagar,Home Department - Police,Mahila,IP PTZ,Honeywell,Government,22.470647,70.05687,Local NVR,15,2021,Offline,TRUE
CAM00879,Jamnagar,Home Department - Police,Mahila,Analog PTZ,Bosch,Government,22.469978,70.057709,Local NVR,7,2019,Offline,TRUE
CAM00880,Jamnagar,Home Department - Police,Mahila,IP PTZ,Hikvision,Government,22.470341,70.058575,Cloud,15,2019,Active,TRUE
CAM00881,Jamnagar,Home Department - Police,Mahila,IP Bullet,Honeywell,Government,22.469888,70.058623,Cloud,30,2022,Offline,TRUE
CAM00882,Jamnagar,Home Department - Police,Meghpar(Padana),Analog Dome,Bosch,Government,22.350203,69.814826,Local NVR,7,2025,Active,TRUE
CAM00883,Jamnagar,Home Department - Police,Meghpar(Padana),Analog Dome,Dahua,Government,22.35057,69.815507,Local NVR,30,2020,Offline,TRUE
CAM00884,Jamnagar,Home Department - Police,Panch A Div.,Analog Dome,Bosch,Government,22.481539,70.126209,Cloud,7,2025,Offline,TRUE
CAM00885,Jamnagar,Home Department - Police,Panch A Div.,IP PTZ,Dahua,Government,22.482732,70.126523,Local NVR,30,2019,Active,TRUE
CAM00886,Jamnagar,Home Department - Police,Panch A Div.,IP Bullet,CP Plus,Government,22.482119,70.126141,Local NVR,15,2018,Maintenance,TRUE
CAM00887,Jamnagar,Home Department - Police,Panch B Div.,IP PTZ,Dahua,Government,22.424899,70.058263,Local NVR,30,2019,Active,TRUE
CAM00888,Jamnagar,Home Department - Police,Panch B Div.,IP Bullet,Hikvision,Government,22.423813,70.057705,Cloud,7,2022,Active,TRUE
CAM00889,Jamnagar,Home Department - Police,Panch B Div.,IP PTZ,Honeywell,Government,22.423793,70.058112,Local NVR,15,2023,Active,TRUE
CAM00890,Jamnagar,Home Department - Police,Shethvadala,Analog PTZ,Honeywell,Government,21.829975,69.937707,Cloud,30,2020,Active,TRUE
CAM00891,Jamnagar,Home Department - Police,Shethvadala,IP Dome,Hikvision,Government,21.831423,69.938336,Local NVR,30,2016,Active,TRUE
CAM00892,Jamnagar,Home Department - Police,Kalawad Rural,IP Dome,Bosch,Government,22.21011,70.38053,Cloud,7,2021,Active,TRUE
CAM00893,Jamnagar,Home Department - Police,Kalawad Rural,Analog Dome,Honeywell,Government,22.209517,70.380697,Local NVR,15,2017,Active,TRUE
CAM00894,Jamnagar,Home Department - Police,Sikka,Analog PTZ,Honeywell,Government,22.428335,69.842919,Local NVR,30,2021,Active,TRUE
CAM00895,Jamnagar,Home Department - Police,Sikka,IP Bullet,CP Plus,Government,22.428939,69.841919,Local NVR,15,2017,Maintenance,TRUE
CAM00896,Junagadh,Home Department - Police,Bantwa,Analog PTZ,Hikvision,Government,21.493045,70.075062,Local NVR,30,2024,Maintenance,TRUE
CAM00897,Junagadh,Home Department - Police,Bantwa,IP Bullet,Dahua,Government,21.492347,70.075404,Local NVR,30,2020,Active,TRUE
CAM00898,Junagadh,Home Department - Police,Bantwa,IP Dome,Hikvision,Government,21.49297,70.074999,Cloud,15,2025,Offline,TRUE
CAM00899,Junagadh,Home Department - Police,Bhesan,IP Dome,Honeywell,Government,21.550246,70.706312,Cloud,15,2021,Maintenance,TRUE
CAM00900,Junagadh,Home Department - Police,Bhesan,Analog PTZ,Hikvision,Government,21.549703,70.706316,Cloud,15,2020,Active,TRUE
CAM00901,Junagadh,Home Department - Police,Bhesan,Analog PTZ,Bosch,Government,21.551236,70.704875,Cloud,15,2023,Active,TRUE
CAM00902,Junagadh,Home Department - Police,Bilkha,IP PTZ,Hikvision,Government,21.438691,70.595035,Cloud,30,2021,Active,TRUE
CAM00903,Junagadh,Home Department - Police,Bilkha,Analog Dome,Dahua,Government,21.438754,70.594925,Local NVR,30,2025,Active,TRUE
CAM00904,Junagadh,Home Department - Police,Bilkha,IP PTZ,CP Plus,Government,21.439215,70.595446,Cloud,15,2018,Active,TRUE
CAM00905,Junagadh,Home Department - Police,Chorwad,IP Bullet,CP Plus,Government,21.032306,70.23614,Cloud,30,2017,Maintenance,TRUE
CAM00906,Junagadh,Home Department - Police,Chorwad,IP Bullet,Dahua,Government,21.033183,70.235679,Cloud,30,2023,Offline,TRUE
CAM00907,Junagadh,Home Department - Police,Chorwad,IP Dome,Bosch,Government,21.033244,70.236543,Local NVR,7,2019,Maintenance,TRUE
CAM00908,Junagadh,Home Department - Police,Chorwad,IP Bullet,Hikvision,Government,21.033334,70.236805,Cloud,30,2025,Offline,TRUE
CAM00909,Junagadh,Home Department - Police,City A Div.,IP Bullet,Dahua,Government,21.519213,70.460307,Cloud,7,2023,Maintenance,TRUE
CAM00910,Junagadh,Home Department - Police,City A Div.,IP Dome,Dahua,Government,21.519913,70.461228,Cloud,30,2018,Active,TRUE
CAM00911,Junagadh,Home Department - Police,City A Div.,IP PTZ,Hikvision,Government,21.518826,70.461094,Cloud,30,2023,Active,TRUE
CAM00912,Junagadh,Home Department - Police,City A Div.,Analog PTZ,Bosch,Government,21.519144,70.461698,Local NVR,7,2020,Maintenance,TRUE
CAM00913,Junagadh,Home Department - Police,City B Div.,IP Bullet,Bosch,Government,21.529638,70.462227,Cloud,15,2020,Active,TRUE
CAM00914,Junagadh,Home Department - Police,City B Div.,Analog Dome,Bosch,Government,21.52861,70.462193,Cloud,15,2019,Offline,TRUE
CAM00915,Junagadh,Home Department - Police,City C Div.,IP Bullet,Dahua,Government,21.505859,70.457265,Local NVR,30,2023,Active,TRUE
CAM00916,Junagadh,Home Department - Police,City C Div.,Analog PTZ,Hikvision,Government,21.505978,70.458386,Cloud,30,2025,Active,TRUE
CAM00917,Junagadh,Home Department - Police,City C Div.,Analog PTZ,Honeywell,Government,21.504788,70.458787,Cloud,7,2023,Active,TRUE
CAM00918,Junagadh,Home Department - Police,City C Div.,Analog PTZ,CP Plus,Government,21.505602,70.457797,Cloud,30,2022,Active,TRUE
CAM00919,Junagadh,Home Department - Police,Junagadh Taluka,IP PTZ,CP Plus,Government,21.573989,70.470908,Cloud,15,2021,Offline,TRUE
CAM00920,Junagadh,Home Department - Police,Junagadh Taluka,IP Dome,CP Plus,Government,21.574462,70.47049,Local NVR,15,2021,Active,TRUE
CAM00921,Junagadh,Home Department - Police,Junagadh Taluka,Analog Dome,Dahua,Government,21.57535,70.47053,Local NVR,15,2020,Active,TRUE
CAM00922,Junagadh,Home Department - Police,Keshod,Analog Dome,Bosch,Government,21.302574,70.249187,Cloud,7,2018,Active,TRUE
CAM00923,Junagadh,Home Department - Police,Keshod,Analog PTZ,CP Plus,Government,21.301346,70.248633,Local NVR,15,2023,Active,TRUE
CAM00924,Junagadh,Home Department - Police,Keshod,IP PTZ,Dahua,Government,21.303039,70.249972,Local NVR,15,2016,Maintenance,TRUE
CAM00925,Junagadh,Home Department - Police,Mahila,Analog PTZ,Hikvision,Government,21.514526,70.463842,Cloud,15,2017,Active,TRUE
CAM00926,Junagadh,Home Department - Police,Mahila,Analog Dome,Honeywell,Government,21.514506,70.463632,Cloud,30,2020,Active,TRUE
CAM00927,Junagadh,Home Department - Police,Malia Hathina,IP Bullet,Bosch,Government,21.161398,70.305227,Cloud,15,2017,Active,TRUE
CAM00928,Junagadh,Home Department - Police,Malia Hathina,IP PTZ,Dahua,Government,21.16053,70.306668,Cloud,15,2017,Active,TRUE
CAM00929,Junagadh,Home Department - Police,Malia Hathina,IP PTZ,Dahua,Government,21.16007,70.30573,Cloud,15,2023,Active,TRUE
CAM00930,Junagadh,Home Department - Police,Malia Hathina,Analog Dome,CP Plus,Government,21.161199,70.306614,Cloud,7,2021,Active,TRUE
CAM00931,Junagadh,Home Department - Police,Manavadar,Analog Dome,Bosch,Government,21.497508,70.138585,Cloud,15,2024,Active,TRUE
CAM00932,Junagadh,Home Department - Police,Manavadar,IP Dome,Hikvision,Government,21.496391,70.138983,Cloud,7,2022,Maintenance,TRUE
CAM00933,Junagadh,Home Department - Police,Manavadar,IP Dome,Dahua,Government,21.497474,70.137759,Local NVR,15,2018,Active,TRUE
CAM00934,Junagadh,Home Department - Police,Mangrol,Analog PTZ,Honeywell,Government,21.123302,70.115895,Cloud,15,2017,Maintenance,TRUE
CAM00935,Junagadh,Home Department - Police,Mangrol,Analog Dome,Bosch,Government,21.12381,70.116107,Cloud,15,2025,Active,TRUE
CAM00936,Junagadh,Home Department - Police,Mangrol,IP Dome,Hikvision,Government,21.123321,70.11603,Local NVR,15,2022,Active,TRUE
CAM00937,Junagadh,Home Department - Police,Mangrol,Analog Dome,Honeywell,Government,21.123382,70.116534,Cloud,15,2023,Maintenance,TRUE
CAM00938,Junagadh,Home Department - Police,Mangrol Marin,IP Bullet,CP Plus,Government,21.122359,70.116692,Local NVR,7,2020,Offline,TRUE
CAM00939,Junagadh,Home Department - Police,Mangrol Marin,IP Dome,Hikvision,Government,21.122986,70.116272,Cloud,30,2024,Maintenance,TRUE
CAM00940,Junagadh,Home Department - Police,Mangrol Marin,Analog PTZ,Dahua,Government,21.122959,70.116085,Local NVR,30,2025,Active,TRUE
CAM00941,Junagadh,Home Department - Police,Mendarda,IP Bullet,CP Plus,Government,21.320682,70.444268,Local NVR,7,2023,Active,TRUE
CAM00942,Junagadh,Home Department - Police,Mendarda,Analog Dome,Bosch,Government,21.321402,70.444203,Local NVR,30,2021,Active,TRUE
CAM00943,Junagadh,Home Department - Police,Mendarda,IP Bullet,CP Plus,Government,21.321267,70.444588,Cloud,30,2018,Offline,TRUE
CAM00944,Junagadh,Home Department - Police,Mendarda,Analog Dome,Hikvision,Government,21.32112,70.444147,Cloud,15,2022,Active,TRUE
CAM00945,Junagadh,Home Department - Police,Shil,Analog Dome,Bosch,Government,21.172501,70.060337,Local NVR,30,2022,Offline,TRUE
CAM00946,Junagadh,Home Department - Police,Shil,Analog PTZ,Hikvision,Government,21.172841,70.060691,Cloud,7,2022,Active,TRUE
CAM00947,Junagadh,Home Department - Police,Vanthali,IP Dome,CP Plus,Government,21.475009,70.332443,Local NVR,30,2019,Active,TRUE
CAM00948,Junagadh,Home Department - Police,Vanthali,IP Bullet,Hikvision,Government,21.475978,70.333198,Local NVR,15,2024,Active,TRUE
CAM00949,Junagadh,Home Department - Police,Visavadar,IP PTZ,Bosch,Government,21.342322,70.749228,Local NVR,7,2018,Maintenance,TRUE
CAM00950,Junagadh,Home Department - Police,Visavadar,IP PTZ,Hikvision,Government,21.342616,70.74938,Local NVR,7,2025,Active,TRUE
CAM00951,Junagadh,Home Department - Police,Visavadar,IP PTZ,Honeywell,Government,21.342698,70.750302,Local NVR,7,2022,Maintenance,TRUE
CAM00952,Junagadh,Home Department - Police,Bhavnath,IP PTZ,CP Plus,Government,21.527531,70.49982,Cloud,30,2025,Active,TRUE
CAM00953,Junagadh,Home Department - Police,Bhavnath,Analog PTZ,Bosch,Government,21.527416,70.499325,Local NVR,7,2017,Maintenance,TRUE
CAM00954,Junagadh,Home Department - Police,Bhavnath,IP PTZ,Hikvision,Government,21.527777,70.499919,Cloud,15,2023,Active,TRUE
CAM00955,chchh East(Gandhidha,Home Department - Police,Samkhiyali,Analog Dome,Dahua,Government,23.307605,70.495914,Local NVR,7,2019,Active,TRUE
CAM00956,chchh East(Gandhidha,Home Department - Police,Samkhiyali,Analog PTZ,Bosch,Government,23.308287,70.496199,Cloud,30,2022,Active,TRUE
CAM00957,chchh East(Gandhidha,Home Department - Police,Samkhiyali,IP Bullet,CP Plus,Government,23.307494,70.496845,Cloud,7,2023,Offline,TRUE
CAM00958,chchh East(Gandhidha,Home Department - Police,Adipur,Analog PTZ,CP Plus,Government,23.073705,70.097577,Cloud,30,2023,Active,TRUE
CAM00959,chchh East(Gandhidha,Home Department - Police,Adipur,Analog PTZ,CP Plus,Government,23.075322,70.097474,Cloud,30,2020,Active,TRUE
CAM00960,chchh East(Gandhidha,Home Department - Police,Adipur,Analog Dome,CP Plus,Government,23.074975,70.097436,Cloud,30,2017,Active,TRUE
CAM00961,chchh East(Gandhidha,Home Department - Police,Anjar,IP Dome,Honeywell,Government,23.109618,70.034087,Local NVR,7,2021,Offline,TRUE
CAM00962,chchh East(Gandhidha,Home Department - Police,Anjar,IP PTZ,Bosch,Government,23.110242,70.033661,Cloud,7,2016,Offline,TRUE
CAM00963,chchh East(Gandhidha,Home Department - Police,Anjar,Analog Dome,Hikvision,Government,23.110251,70.035019,Cloud,7,2017,Active,TRUE
CAM00964,chchh East(Gandhidha,Home Department - Police,Bhachau,IP PTZ,Honeywell,Government,23.289013,70.343452,Local NVR,30,2020,Active,TRUE
CAM00965,chchh East(Gandhidha,Home Department - Police,Bhachau,IP Dome,CP Plus,Government,23.287651,70.343824,Local NVR,15,2018,Active,TRUE
CAM00966,chchh East(Gandhidha,Home Department - Police,Adesar,Analog Dome,CP Plus,Government,23.564366,70.984701,Cloud,15,2020,Active,TRUE
CAM00967,chchh East(Gandhidha,Home Department - Police,Adesar,IP Bullet,Honeywell,Government,23.56415,70.984595,Local NVR,7,2019,Active,TRUE
CAM00968,chchh East(Gandhidha,Home Department - Police,Gandhidham A Div.,Analog Dome,Dahua,Government,23.074183,70.116362,Cloud,15,2023,Active,TRUE
CAM00969,chchh East(Gandhidha,Home Department - Police,Gandhidham A Div.,IP Dome,Hikvision,Government,23.074825,70.116917,Local NVR,15,2024,Maintenance,TRUE
CAM00970,chchh East(Gandhidha,Home Department - Police,Gandhidham A Div.,IP PTZ,Hikvision,Government,23.075207,70.115921,Cloud,30,2016,Active,TRUE
CAM00971,chchh East(Gandhidha,Home Department - Police,Gandhidham B Div.,Analog PTZ,Bosch,Government,23.064235,70.128815,Local NVR,30,2024,Offline,TRUE
CAM00972,chchh East(Gandhidha,Home Department - Police,Gandhidham B Div.,Analog PTZ,Hikvision,Government,23.064043,70.128676,Local NVR,30,2021,Offline,TRUE
CAM00973,chchh East(Gandhidha,Home Department - Police,Gandhidham B Div.,IP Bullet,Honeywell,Government,23.064128,70.128638,Local NVR,30,2023,Active,TRUE
CAM00974,chchh East(Gandhidha,Home Department - Police,Gandhidham B Div.,IP Bullet,Dahua,Government,23.064069,70.128784,Cloud,7,2022,Offline,TRUE
CAM00975,chchh East(Gandhidha,Home Department - Police,Kandala Marin,Analog Dome,Honeywell,Government,23.019557,70.206172,Local NVR,7,2018,Active,TRUE
CAM00976,chchh East(Gandhidha,Home Department - Police,Kandala Marin,IP Bullet,Hikvision,Government,23.019776,70.20544,Cloud,30,2021,Offline,TRUE
CAM00977,chchh East(Gandhidha,Home Department - Police,Kandala Marin,IP PTZ,Honeywell,Government,23.019321,70.206376,Cloud,30,2020,Active,TRUE
CAM00978,chchh East(Gandhidha,Home Department - Police,Balasar,IP Dome,Hikvision,Government,23.816691,70.654292,Local NVR,15,2017,Offline,TRUE
CAM00979,chchh East(Gandhidha,Home Department - Police,Balasar,Analog Dome,Honeywell,Government,23.817549,70.654195,Cloud,15,2019,Active,TRUE
CAM00980,chchh East(Gandhidha,Home Department - Police,Balasar,IP Bullet,Bosch,Government,23.816735,70.654792,Cloud,7,2025,Active,TRUE
CAM00981,chchh East(Gandhidha,Home Department - Police,Khadir,IP PTZ,Hikvision,Government,23.866413,70.373787,Cloud,30,2021,Maintenance,TRUE
CAM00982,chchh East(Gandhidha,Home Department - Police,Khadir,IP PTZ,CP Plus,Government,23.866856,70.372454,Local NVR,7,2016,Maintenance,TRUE
CAM00983,chchh East(Gandhidha,Home Department - Police,Khadir,Analog Dome,Honeywell,Government,23.865506,70.373524,Local NVR,15,2022,Offline,TRUE
CAM00984,chchh East(Gandhidha,Home Department - Police,Khadir,IP PTZ,Bosch,Government,23.866263,70.373068,Cloud,7,2023,Offline,TRUE
CAM00985,chchh East(Gandhidha,Home Department - Police,Lakadiya,Analog Dome,Hikvision,Government,23.343156,70.57845,Cloud,15,2024,Maintenance,TRUE
CAM00986,chchh East(Gandhidha,Home Department - Police,Lakadiya,Analog PTZ,Hikvision,Government,23.342342,70.577908,Local NVR,7,2024,Active,TRUE
CAM00987,chchh East(Gandhidha,Home Department - Police,Mahila,IP Dome,Dahua,Government,23.074771,70.097244,Local NVR,15,2018,Active,TRUE
CAM00988,chchh East(Gandhidha,Home Department - Police,Mahila,IP Bullet,Honeywell,Government,23.074271,70.097221,Local NVR,7,2018,Active,TRUE
CAM00989,chchh East(Gandhidha,Home Department - Police,Mahila,IP Dome,Hikvision,Government,23.075342,70.097559,Local NVR,7,2023,Active,TRUE
CAM00990,chchh East(Gandhidha,Home Department - Police,Rapar,Analog PTZ,Bosch,Government,23.570853,70.646218,Local NVR,30,2023,Offline,TRUE
CAM00991,chchh East(Gandhidha,Home Department - Police,Rapar,IP PTZ,Bosch,Government,23.570226,70.64591,Cloud,30,2023,Active,TRUE
CAM00992,chchh East(Gandhidha,Home Department - Police,Rapar,IP PTZ,Bosch,Government,23.570148,70.646786,Cloud,15,2025,Active,TRUE
CAM00993,chchh East(Gandhidha,Home Department - Police,Dudhai,Analog PTZ,Hikvision,Government,23.325782,70.14117,Cloud,30,2023,Active,TRUE
CAM00994,chchh East(Gandhidha,Home Department - Police,Dudhai,Analog Dome,Hikvision,Government,23.32673,70.141396,Cloud,7,2020,Offline,TRUE
CAM00995,chchh East(Gandhidha,Home Department - Police,Dudhai,Analog Dome,CP Plus,Government,23.326675,70.141327,Local NVR,30,2025,Active,TRUE
CAM00996,chchh East(Gandhidha,Home Department - Police,Dudhai,IP Dome,Dahua,Government,23.325917,70.141648,Cloud,7,2018,Offline,TRUE
CAM00997,Kachchh West(Bhuj),Home Department - Police,Bhuj City A Div,IP PTZ,Honeywell,Government,23.246152,69.66606,Cloud,15,2021,Active,TRUE
CAM00998,Kachchh West(Bhuj),Home Department - Police,Bhuj City A Div,Analog Dome,Dahua,Government,23.246612,69.665425,Local NVR,15,2016,Active,TRUE
CAM00999,Kachchh West(Bhuj),Home Department - Police,Bhuj City A Div,Analog PTZ,CP Plus,Government,23.246206,69.665279,Cloud,15,2018,Active,TRUE
CAM01000,Kachchh West(Bhuj),Home Department - Police,Bhuj City B Div,IP Dome,Honeywell,Government,23.258352,69.670233,Local NVR,7,2018,Active,TRUE
CAM01001,Kachchh West(Bhuj),Home Department - Police,Bhuj City B Div,Analog PTZ,CP Plus,Government,23.259084,69.670036,Local NVR,15,2017,Active,TRUE
CAM01002,Kachchh West(Bhuj),Home Department - Police,Dayapar,IP Bullet,CP Plus,Government,23.631172,68.904104,Cloud,15,2016,Offline,TRUE
CAM01003,Kachchh West(Bhuj),Home Department - Police,Dayapar,Analog PTZ,Hikvision,Government,23.630831,68.903178,Local NVR,15,2017,Offline,TRUE
CAM01004,Kachchh West(Bhuj),Home Department - Police,Dayapar,IP Bullet,Hikvision,Government,23.63021,68.903357,Local NVR,30,2022,Offline,TRUE
CAM01005,Kachchh West(Bhuj),Home Department - Police,Gadhsisha,Analog PTZ,Honeywell,Government,23.088028,69.344366,Local NVR,15,2018,Active,TRUE
CAM01006,Kachchh West(Bhuj),Home Department - Police,Gadhsisha,Analog PTZ,Honeywell,Government,23.089368,69.343894,Cloud,7,2018,Offline,TRUE
CAM01007,Kachchh West(Bhuj),Home Department - Police,Gadhsisha,IP PTZ,Hikvision,Government,23.08956,69.344723,Cloud,15,2024,Offline,TRUE
CAM01008,Kachchh West(Bhuj),Home Department - Police,Gadhsisha,IP Dome,Bosch,Government,23.088366,69.344743,Local NVR,30,2016,Active,TRUE
CAM01009,Kachchh West(Bhuj),Home Department - Police,Jakhau,Analog Dome,Honeywell,Government,23.215984,68.712933,Local NVR,7,2019,Active,TRUE
CAM01010,Kachchh West(Bhuj),Home Department - Police,Jakhau,IP Dome,Bosch,Government,23.216631,68.713314,Cloud,7,2020,Offline,TRUE
CAM01011,Kachchh West(Bhuj),Home Department - Police,Jakhau,Analog Dome,Honeywell,Government,23.217098,68.713881,Local NVR,30,2019,Active,TRUE
CAM01012,Kachchh West(Bhuj),Home Department - Police,Jakhau,Analog PTZ,CP Plus,Government,23.216443,68.714063,Local NVR,15,2023,Active,TRUE
CAM01013,Kachchh West(Bhuj),Home Department - Police,Jakhau Marin,IP Dome,Honeywell,Government,23.216244,68.713245,Local NVR,7,2018,Active,TRUE
CAM01014,Kachchh West(Bhuj),Home Department - Police,Jakhau Marin,IP PTZ,Honeywell,Government,23.215729,68.713398,Cloud,30,2023,Active,TRUE
CAM01015,Kachchh West(Bhuj),Home Department - Police,Jakhau Marin,IP Dome,Dahua,Government,23.215488,68.714261,Local NVR,30,2023,Active,TRUE
CAM01016,Kachchh West(Bhuj),Home Department - Police,Khawada,IP Dome,Bosch,Government,23.841121,69.731845,Local NVR,7,2016,Maintenance,TRUE
CAM01017,Kachchh West(Bhuj),Home Department - Police,Khawada,Analog PTZ,CP Plus,Government,23.840819,69.731801,Cloud,30,2020,Active,TRUE
CAM01018,Kachchh West(Bhuj),Home Department - Police,Khawada,Analog PTZ,Hikvision,Government,23.842257,69.730861,Local NVR,15,2023,Offline,TRUE
CAM01019,Kachchh West(Bhuj),Home Department - Police,Kothara,IP Dome,Dahua,Government,23.129813,68.942172,Local NVR,7,2022,Offline,TRUE
CAM01020,Kachchh West(Bhuj),Home Department - Police,Kothara,Analog Dome,CP Plus,Government,23.130149,68.94173,Cloud,30,2025,Active,TRUE
CAM01021,Kachchh West(Bhuj),Home Department - Police,Mahila,IP Bullet,Honeywell,Government,23.246032,69.66597,Local NVR,7,2025,Active,TRUE
CAM01022,Kachchh West(Bhuj),Home Department - Police,Mahila,Analog Dome,Dahua,Government,23.247701,69.66675,Local NVR,7,2024,Maintenance,TRUE
CAM01023,Kachchh West(Bhuj),Home Department - Police,Mahila,Analog PTZ,Bosch,Government,23.247069,69.667201,Local NVR,15,2016,Active,TRUE
CAM01024,Kachchh West(Bhuj),Home Department - Police,Mahila,Analog Dome,Hikvision,Government,23.247139,69.666343,Cloud,7,2021,Active,TRUE
CAM01025,Kachchh West(Bhuj),Home Department - Police,Mandvi,IP Bullet,Dahua,Government,22.837658,69.341369,Cloud,30,2022,Active,TRUE
CAM01026,Kachchh West(Bhuj),Home Department - Police,Mandvi,IP Dome,CP Plus,Government,22.838482,69.341206,Cloud,7,2022,Active,TRUE
CAM01027,Kachchh West(Bhuj),Home Department - Police,Mandvi,IP Dome,Bosch,Government,22.837259,69.341927,Local NVR,7,2017,Offline,TRUE
CAM01028,Kachchh West(Bhuj),Home Department - Police,Mandvi Marin,IP Dome,Bosch,Government,22.835483,69.351713,Cloud,15,2019,Active,TRUE
CAM01029,Kachchh West(Bhuj),Home Department - Police,Mandvi Marin,IP Dome,Honeywell,Government,22.835279,69.351135,Local NVR,7,2019,Maintenance,TRUE
CAM01030,Kachchh West(Bhuj),Home Department - Police,Mandvi Marin,IP Dome,Bosch,Government,22.834842,69.350354,Local NVR,30,2016,Active,TRUE
CAM01031,Kachchh West(Bhuj),Home Department - Police,Mandvi Marin,IP Dome,Dahua,Government,22.835209,69.350312,Local NVR,7,2023,Active,TRUE
CAM01032,Kachchh West(Bhuj),Home Department - Police,Mandvi Water,IP PTZ,Hikvision,Government,22.8339,69.350294,Local NVR,7,2022,Offline,TRUE
CAM01033,Kachchh West(Bhuj),Home Department - Police,Mandvi Water,IP PTZ,Bosch,Government,22.835217,69.351323,Local NVR,30,2023,Offline,TRUE
CAM01034,Kachchh West(Bhuj),Home Department - Police,Mandvi Water,IP PTZ,Honeywell,Government,22.833982,69.351372,Local NVR,30,2016,Active,TRUE
CAM01035,Kachchh West(Bhuj),Home Department - Police,Mandvi Water,Analog Dome,CP Plus,Government,22.833994,69.350222,Cloud,30,2017,Offline,TRUE
CAM01036,Kachchh West(Bhuj),Home Department - Police,Mankuva,IP PTZ,CP Plus,Government,23.210684,69.569301,Cloud,7,2025,Active,TRUE
CAM01037,Kachchh West(Bhuj),Home Department - Police,Mankuva,Analog Dome,Dahua,Government,23.210153,69.568995,Local NVR,30,2022,Offline,TRUE
CAM01038,Kachchh West(Bhuj),Home Department - Police,Mankuva,Analog Dome,Dahua,Government,23.21144,69.568699,Local NVR,15,2020,Active,TRUE
CAM01039,Kachchh West(Bhuj),Home Department - Police,Mundra,IP Bullet,Honeywell,Government,22.840574,69.723785,Cloud,15,2016,Active,TRUE
CAM01040,Kachchh West(Bhuj),Home Department - Police,Mundra,IP Dome,Dahua,Government,22.83987,69.722925,Cloud,30,2019,Maintenance,TRUE
CAM01041,Kachchh West(Bhuj),Home Department - Police,Mundra,Analog PTZ,Honeywell,Government,22.840769,69.724331,Local NVR,30,2025,Active,TRUE
CAM01042,Kachchh West(Bhuj),Home Department - Police,Mundra,IP Dome,Bosch,Government,22.840272,69.722856,Cloud,7,2023,Active,TRUE
CAM01043,Kachchh West(Bhuj),Home Department - Police,Mundra Marin(Coastal,IP PTZ,Dahua,Government,22.820727,69.723901,Local NVR,7,2019,Maintenance,TRUE
CAM01044,Kachchh West(Bhuj),Home Department - Police,Mundra Marin(Coastal,IP Dome,Hikvision,Government,22.820645,69.72456,Local NVR,7,2021,Offline,TRUE
CAM01045,Kachchh West(Bhuj),Home Department - Police,Mundra Marin(Coastal,Analog Dome,Dahua,Government,22.82052,69.723301,Cloud,7,2019,Active,TRUE
CAM01046,Kachchh West(Bhuj),Home Department - Police,Mundra Marin(Coastal,IP Bullet,Dahua,Government,22.820669,69.723091,Cloud,7,2020,Active,TRUE
CAM01047,Kachchh West(Bhuj),Home Department - Police,Nakhatrana,IP Dome,CP Plus,Government,23.343832,69.27056,Local NVR,30,2017,Active,TRUE
CAM01048,Kachchh West(Bhuj),Home Department - Police,Nakhatrana,IP Bullet,Dahua,Government,23.344124,69.270467,Local NVR,30,2023,Active,TRUE
CAM01049,Kachchh West(Bhuj),Home Department - Police,Naliya,IP Dome,Hikvision,Government,23.257665,68.836879,Cloud,7,2022,Active,TRUE
CAM01050,Kachchh West(Bhuj),Home Department - Police,Naliya,Analog PTZ,Honeywell,Government,23.256251,68.835764,Local NVR,30,2021,Active,TRUE
CAM01051,Kachchh West(Bhuj),Home Department - Police,Naliya,IP Bullet,Honeywell,Government,23.257564,68.836457,Local NVR,7,2025,Active,TRUE
CAM01052,Kachchh West(Bhuj),Home Department - Police,Naliya,IP Bullet,Honeywell,Government,23.256351,68.836216,Local NVR,7,2020,Active,TRUE
CAM01053,Kachchh West(Bhuj),Home Department - Police,Nara,Analog Dome,Bosch,Government,23.650134,69.123607,Local NVR,15,2018,Offline,TRUE
CAM01054,Kachchh West(Bhuj),Home Department - Police,Nara,Analog Dome,Bosch,Government,23.649546,69.123079,Local NVR,15,2021,Active,TRUE
CAM01055,Kachchh West(Bhuj),Home Department - Police,Nara,IP Dome,CP Plus,Government,23.649756,69.123649,Cloud,7,2025,Maintenance,TRUE
CAM01056,Kachchh West(Bhuj),Home Department - Police,Narayan Sarovar,Analog Dome,CP Plus,Government,23.676807,68.540267,Local NVR,15,2022,Offline,TRUE
CAM01057,Kachchh West(Bhuj),Home Department - Police,Narayan Sarovar,IP PTZ,Honeywell,Government,23.676247,68.541069,Local NVR,7,2020,Offline,TRUE
CAM01058,Kachchh West(Bhuj),Home Department - Police,Vayor,IP PTZ,Bosch,Government,23.41501,68.695036,Local NVR,15,2022,Active,TRUE
CAM01059,Kachchh West(Bhuj),Home Department - Police,Vayor,IP Dome,CP Plus,Government,23.415621,68.694489,Local NVR,7,2022,Active,TRUE
CAM01060,Kachchh West(Bhuj),Home Department - Police,Padhdhar,Analog Dome,Honeywell,Government,23.241715,69.818201,Cloud,15,2020,Active,TRUE
CAM01061,Kachchh West(Bhuj),Home Department - Police,Padhdhar,Analog Dome,CP Plus,Government,23.241755,69.816706,Local NVR,7,2016,Active,TRUE
CAM01062,Kachchh West(Bhuj),Home Department - Police,Padhdhar,IP Bullet,Honeywell,Government,23.242028,69.817919,Cloud,30,2020,Offline,TRUE
CAM01063,Kachchh West(Bhuj),Home Department - Police,Padhdhar,Analog PTZ,Dahua,Government,23.24322,69.816593,Local NVR,15,2020,Offline,TRUE
CAM01064,Kachchh West(Bhuj),Home Department - Police,Nirona,IP PTZ,CP Plus,Government,23.464607,69.521936,Cloud,30,2018,Active,TRUE
CAM01065,Kachchh West(Bhuj),Home Department - Police,Nirona,IP PTZ,Bosch,Government,23.46544,69.521687,Local NVR,7,2024,Active,TRUE
CAM01066,Kachchh West(Bhuj),Home Department - Police,Nirona,IP Bullet,Bosch,Government,23.466108,69.521531,Local NVR,30,2022,Active,TRUE
CAM01067,Kachchh West(Bhuj),Home Department - Police,Nirona,Analog PTZ,Hikvision,Government,23.46526,69.521799,Local NVR,30,2018,Active,TRUE
CAM01068,Kheda,Home Department - Police,Antarsumba,Analog Dome,Dahua,Government,23.053758,72.969051,Local NVR,30,2022,Active,TRUE
CAM01069,Kheda,Home Department - Police,Antarsumba,IP Bullet,Dahua,Government,23.054374,72.968343,Local NVR,15,2018,Active,TRUE
CAM01070,Kheda,Home Department - Police,Antarsumba,IP Bullet,Bosch,Government,23.05506,72.9684,Cloud,15,2022,Offline,TRUE
CAM01071,Kheda,Home Department - Police,Chaklashi,IP Dome,Honeywell,Government,22.651243,72.94968,Cloud,7,2018,Offline,TRUE
CAM01072,Kheda,Home Department - Police,Chaklashi,IP PTZ,Dahua,Government,22.650973,72.949468,Cloud,7,2017,Active,TRUE
CAM01073,Kheda,Home Department - Police,Chaklashi,Analog PTZ,Honeywell,Government,22.65128,72.949258,Cloud,7,2016,Active,TRUE
CAM01074,Kheda,Home Department - Police,Dakor,Analog Dome,Bosch,Government,22.752708,73.152306,Local NVR,30,2018,Active,TRUE
CAM01075,Kheda,Home Department - Police,Dakor,IP Bullet,CP Plus,Government,22.752704,73.152151,Local NVR,15,2019,Maintenance,TRUE
CAM01076,Kheda,Home Department - Police,Dakor,Analog Dome,CP Plus,Government,22.75229,73.15156,Local NVR,15,2020,Active,TRUE
CAM01077,Kheda,Home Department - Police,Kapadwanj Rural,Analog Dome,CP Plus,Government,23.003316,73.078054,Local NVR,30,2022,Maintenance,TRUE
CAM01078,Kheda,Home Department - Police,Kapadwanj Rural,Analog PTZ,Bosch,Government,23.00236,73.078289,Local NVR,30,2017,Active,TRUE
CAM01079,Kheda,Home Department - Police,Kapadwanj Town,IP PTZ,CP Plus,Government,23.026987,73.069437,Cloud,30,2018,Maintenance,TRUE
CAM01080,Kheda,Home Department - Police,Kapadwanj Town,Analog Dome,Hikvision,Government,23.026708,73.069618,Local NVR,30,2018,Active,TRUE
CAM01081,Kheda,Home Department - Police,Kapadwanj Town,Analog Dome,Dahua,Government,23.026315,73.069546,Cloud,30,2020,Active,TRUE
CAM01082,Kheda,Home Department - Police,Kathlal,Analog PTZ,Hikvision,Government,22.892885,72.987319,Cloud,30,2017,Active,TRUE
CAM01083,Kheda,Home Department - Police,Kathlal,Analog Dome,Hikvision,Government,22.892883,72.986245,Local NVR,7,2019,Active,TRUE
CAM01084,Kheda,Home Department - Police,Kathlal,IP PTZ,Dahua,Government,22.893295,72.987164,Local NVR,7,2023,Maintenance,TRUE
CAM01085,Kheda,Home Department - Police,Kheda Town,Analog PTZ,Bosch,Government,22.749187,72.685233,Local NVR,15,2018,Active,TRUE
CAM01086,Kheda,Home Department - Police,Kheda Town,IP Bullet,Bosch,Government,22.749317,72.68621,Local NVR,7,2023,Active,TRUE
CAM01087,Kheda,Home Department - Police,Limbasi,Analog Dome,Bosch,Government,22.613206,72.622136,Cloud,7,2017,Active,TRUE
CAM01088,Kheda,Home Department - Police,Limbasi,IP Bullet,CP Plus,Government,22.613332,72.622093,Cloud,30,2021,Offline,TRUE
CAM01089,Kheda,Home Department - Police,Mahemdavad,IP Dome,Bosch,Government,22.82017,72.756698,Local NVR,15,2024,Active,TRUE
CAM01090,Kheda,Home Department - Police,Mahemdavad,IP Bullet,CP Plus,Government,22.820451,72.7567,Local NVR,7,2022,Active,TRUE
CAM01091,Kheda,Home Department - Police,Mahila,Analog PTZ,CP Plus,Government,22.688289,72.860098,Cloud,7,2016,Active,TRUE
CAM01092,Kheda,Home Department - Police,Mahila,IP Bullet,Hikvision,Government,22.689694,72.861543,Local NVR,30,2018,Active,TRUE
CAM01093,Kheda,Home Department - Police,Mahudha,IP Bullet,Honeywell,Government,22.820036,72.93847,Local NVR,15,2025,Active,TRUE
CAM01094,Kheda,Home Department - Police,Mahudha,IP Bullet,Hikvision,Government,22.819873,72.937533,Local NVR,30,2021,Active,TRUE
CAM01095,Kheda,Home Department - Police,Mahudha,IP Dome,Dahua,Government,22.819477,72.937725,Local NVR,7,2019,Active,TRUE
CAM01096,Kheda,Home Department - Police,Matar,IP Dome,Honeywell,Government,22.709151,72.665019,Cloud,15,2023,Active,TRUE
CAM01097,Kheda,Home Department - Police,Matar,IP Bullet,Dahua,Government,22.709491,72.665404,Cloud,30,2022,Active,TRUE
CAM01098,Kheda,Home Department - Police,Nadiad Rural,Analog Dome,Bosch,Government,22.709228,72.664335,Local NVR,30,2025,Active,TRUE
CAM01099,Kheda,Home Department - Police,Nadiad Rural,IP Bullet,Hikvision,Government,22.709266,72.665,Cloud,15,2016,Active,TRUE
CAM01100,Kheda,Home Department - Police,Nadiad Rural,IP Dome,Hikvision,Government,22.709688,72.665095,Cloud,15,2025,Maintenance,TRUE
CAM01101,Kheda,Home Department - Police,Nadiad Rural,IP Dome,CP Plus,Government,22.708894,72.664005,Local NVR,30,2019,Active,TRUE
CAM01102,Kheda,Home Department - Police,Nadiad Town,Analog Dome,Bosch,Government,22.693957,72.858757,Local NVR,7,2016,Active,TRUE
CAM01103,Kheda,Home Department - Police,Nadiad Town,IP Bullet,Honeywell,Government,22.69498,72.858195,Cloud,30,2019,Active,TRUE
CAM01104,Kheda,Home Department - Police,Nadiad West,Analog Dome,Dahua,Government,22.690925,72.854773,Cloud,15,2022,Active,TRUE
CAM01105,Kheda,Home Department - Police,Nadiad West,IP Dome,CP Plus,Government,22.689788,72.855258,Cloud,7,2019,Active,TRUE
CAM01106,Kheda,Home Department - Police,Nadiad West,IP Bullet,Honeywell,Government,22.689985,72.855361,Cloud,15,2019,Maintenance,TRUE
CAM01107,Kheda,Home Department - Police,Nadiad West,IP PTZ,CP Plus,Government,22.690233,72.855672,Cloud,15,2019,Active,TRUE
CAM01108,Kheda,Home Department - Police,Thasra,IP PTZ,Hikvision,Government,22.79594,73.213189,Local NVR,15,2020,Maintenance,TRUE
CAM01109,Kheda,Home Department - Police,Thasra,Analog Dome,Bosch,Government,22.795435,73.212839,Cloud,15,2024,Active,TRUE
CAM01110,Kheda,Home Department - Police,Thasra,Analog PTZ,Honeywell,Government,22.796504,73.212814,Cloud,30,2017,Active,TRUE
CAM01111,Kheda,Home Department - Police,Thasra,Analog PTZ,Bosch,Government,22.795596,73.21288,Local NVR,7,2023,Active,TRUE
CAM01112,Kheda,Home Department - Police,Vaso,IP Dome,Hikvision,Government,22.665819,72.755043,Local NVR,15,2019,Maintenance,TRUE
CAM01113,Kheda,Home Department - Police,Vaso,IP PTZ,Bosch,Government,22.666198,72.756384,Local NVR,30,2021,Offline,TRUE
CAM01114,Kheda,Home Department - Police,Sevaliya,IP PTZ,Honeywell,Government,22.808263,73.34329,Cloud,7,2017,Maintenance,TRUE
CAM01115,Kheda,Home Department - Police,Sevaliya,Analog Dome,Bosch,Government,22.80925,73.344608,Local NVR,30,2021,Active,TRUE
CAM01116,Mahisagar,Home Department - Police,Bakor,IP Bullet,Bosch,Government,23.345263,73.603999,Cloud,15,2019,Active,TRUE
CAM01117,Mahisagar,Home Department - Police,Bakor,Analog Dome,Bosch,Government,23.345824,73.604398,Cloud,15,2020,Active,TRUE
CAM01118,Mahisagar,Home Department - Police,Bakor,IP Dome,Hikvision,Government,23.345653,73.604949,Cloud,30,2018,Maintenance,TRUE
CAM01119,Mahisagar,Home Department - Police,Bakor,Analog Dome,CP Plus,Government,23.345285,73.604291,Local NVR,7,2017,Maintenance,TRUE
CAM01120,Mahisagar,Home Department - Police,Balasinor,IP PTZ,Honeywell,Government,22.947834,73.330234,Local NVR,30,2024,Maintenance,TRUE
CAM01121,Mahisagar,Home Department - Police,Balasinor,IP Dome,Honeywell,Government,22.947943,73.330997,Local NVR,7,2017,Active,TRUE
CAM01122,Mahisagar,Home Department - Police,Balasinor,Analog PTZ,Hikvision,Government,22.947937,73.331007,Cloud,15,2022,Active,TRUE
CAM01123,Mahisagar,Home Department - Police,Ditwas,IP PTZ,Dahua,Government,23.418205,73.753741,Local NVR,7,2024,Active,TRUE
CAM01124,Mahisagar,Home Department - Police,Ditwas,IP PTZ,CP Plus,Government,23.418753,73.753755,Cloud,15,2019,Offline,TRUE
CAM01125,Mahisagar,Home Department - Police,Kadana,IP Bullet,Dahua,Government,23.283634,73.838276,Local NVR,15,2018,Offline,TRUE
CAM01126,Mahisagar,Home Department - Police,Kadana,Analog PTZ,Hikvision,Government,23.283497,73.839316,Local NVR,7,2017,Active,TRUE
CAM01127,Mahisagar,Home Department - Police,Kothamba,IP PTZ,Hikvision,Government,23.014427,73.522551,Cloud,7,2023,Active,TRUE
CAM01128,Mahisagar,Home Department - Police,Kothamba,IP Dome,Hikvision,Government,23.015164,73.52151,Cloud,30,2025,Active,TRUE
CAM01129,Mahisagar,Home Department - Police,Mahila,IP PTZ,Bosch,Government,23.12541,73.606613,Local NVR,30,2020,Maintenance,TRUE
CAM01130,Mahisagar,Home Department - Police,Mahila,Analog PTZ,CP Plus,Government,23.124931,73.606064,Local NVR,30,2021,Maintenance,TRUE
CAM01131,Mahisagar,Home Department - Police,Mahila,Analog PTZ,Hikvision,Government,23.125006,73.60494,Cloud,15,2021,Maintenance,TRUE
CAM01132,Mahisagar,Home Department - Police,Lunawada,Analog Dome,Hikvision,Government,23.126754,73.610485,Local NVR,30,2016,Active,TRUE
CAM01133,Mahisagar,Home Department - Police,Lunawada,Analog Dome,Bosch,Government,23.125913,73.609933,Cloud,7,2023,Active,TRUE
CAM01134,Mahisagar,Home Department - Police,Lunawada,Analog PTZ,Bosch,Government,23.12528,73.609468,Cloud,30,2016,Maintenance,TRUE
CAM01135,Mahisagar,Home Department - Police,Lunawada,Analog PTZ,Bosch,Government,23.12597,73.609923,Local NVR,30,2017,Active,TRUE
CAM01136,Mahisagar,Home Department - Police,Santrampur,Analog Dome,Honeywell,Government,23.194265,73.894581,Cloud,7,2018,Maintenance,TRUE
CAM01137,Mahisagar,Home Department - Police,Santrampur,IP PTZ,CP Plus,Government,23.195006,73.89403,Local NVR,7,2024,Maintenance,TRUE
CAM01138,Mahisagar,Home Department - Police,Santrampur,IP Bullet,Hikvision,Government,23.194765,73.893922,Cloud,15,2019,Active,TRUE
CAM01139,Mahisagar,Home Department - Police,Santrampur,Analog PTZ,CP Plus,Government,23.19386,73.89516,Local NVR,30,2022,Maintenance,TRUE
CAM01140,Mahisagar,Home Department - Police,Virpur,IP PTZ,Hikvision,Government,23.186529,73.473931,Local NVR,7,2024,Offline,TRUE
CAM01141,Mahisagar,Home Department - Police,Virpur,IP PTZ,Bosch,Government,23.187686,73.474768,Local NVR,7,2021,Active,TRUE
CAM01142,Mahisagar,Home Department - Police,Virpur,IP Dome,Dahua,Government,23.186773,73.474211,Cloud,30,2017,Active,TRUE
CAM01143,Mahisagar,Home Department - Police,Virpur,IP PTZ,Honeywell,Government,23.187338,73.473916,Cloud,15,2021,Active,TRUE
CAM01144,Mehsana,Home Department - Police,Bavalu,Analog PTZ,Dahua,Government,23.158358,72.311584,Cloud,30,2022,Offline,TRUE
CAM01145,Mehsana,Home Department - Police,Bavalu,Analog Dome,Bosch,Government,23.158457,72.310251,Local NVR,7,2016,Active,TRUE
CAM01146,Mehsana,Home Department - Police,Bavalu,IP Bullet,Honeywell,Government,23.158901,72.310959,Local NVR,7,2023,Active,TRUE
CAM01147,Mehsana,Home Department - Police,Bavalu,Analog PTZ,Honeywell,Government,23.158472,72.310615,Local NVR,30,2017,Active,TRUE
CAM01148,Mehsana,Home Department - Police,Becharaji,Analog PTZ,CP Plus,Government,23.498078,72.045561,Cloud,30,2016,Active,TRUE
CAM01149,Mehsana,Home Department - Police,Becharaji,IP PTZ,Bosch,Government,23.498814,72.043916,Local NVR,30,2018,Active,TRUE
CAM01150,Mehsana,Home Department - Police,Becharaji,IP PTZ,Bosch,Government,23.499337,72.044807,Local NVR,15,2021,Maintenance,TRUE
CAM01151,Mehsana,Home Department - Police,Kadi,Analog Dome,Bosch,Government,23.296595,72.327193,Cloud,7,2019,Active,TRUE
CAM01152,Mehsana,Home Department - Police,Kadi,Analog PTZ,Bosch,Government,23.296999,72.327729,Cloud,30,2016,Active,TRUE
CAM01153,Mehsana,Home Department - Police,Kheralu,IP Bullet,CP Plus,Government,23.883633,72.622124,Cloud,30,2018,Active,TRUE
CAM01154,Mehsana,Home Department - Police,Kheralu,IP Bullet,Bosch,Government,23.883032,72.623141,Local NVR,30,2017,Active,TRUE
CAM01155,Mehsana,Home Department - Police,Kheralu,IP Bullet,Hikvision,Government,23.884047,72.621773,Cloud,30,2023,Active,TRUE
CAM01156,Mehsana,Home Department - Police,Langhanaj,IP Bullet,Hikvision,Government,23.446544,72.490436,Cloud,7,2022,Maintenance,TRUE
CAM01157,Mehsana,Home Department - Police,Langhanaj,IP PTZ,Hikvision,Government,23.446643,72.491407,Local NVR,30,2018,Maintenance,TRUE
CAM01158,Mehsana,Home Department - Police,Langhanaj,IP Dome,Hikvision,Government,23.446258,72.491345,Cloud,7,2021,Active,TRUE
CAM01159,Mehsana,Home Department - Police,Langhanaj,IP Bullet,Hikvision,Government,23.446644,72.491373,Local NVR,15,2024,Active,TRUE
CAM01160,Mehsana,Home Department - Police,Mahila,Analog PTZ,Honeywell,Government,23.610783,72.391912,Cloud,7,2022,Active,TRUE
CAM01161,Mehsana,Home Department - Police,Mahila,IP Bullet,Bosch,Government,23.610571,72.392676,Cloud,15,2024,Offline,TRUE
CAM01162,Mehsana,Home Department - Police,Mahila,IP PTZ,Hikvision,Government,23.611928,72.39245,Cloud,7,2024,Active,TRUE
CAM01163,Mehsana,Home Department - Police,Mahila,IP Dome,Honeywell,Government,23.610782,72.392118,Local NVR,15,2018,Active,TRUE
CAM01164,Mehsana,Home Department - Police,Mehsana City A Divi,IP Dome,Honeywell,Government,23.602661,72.391656,Local NVR,7,2018,Active,TRUE
CAM01165,Mehsana,Home Department - Police,Mehsana City A Divi,Analog Dome,CP Plus,Government,23.604193,72.392196,Local NVR,30,2021,Active,TRUE
CAM01166,Mehsana,Home Department - Police,Mehsana City B Divi,Analog PTZ,Honeywell,Government,23.598547,72.37963,Local NVR,7,2024,Offline,TRUE
CAM01167,Mehsana,Home Department - Police,Mehsana City B Divi,Analog Dome,Honeywell,Government,23.598889,72.37849,Cloud,30,2021,Active,TRUE
CAM01168,Mehsana,Home Department - Police,Mehsana Taluka,IP Bullet,Dahua,Government,23.602902,72.393076,Cloud,7,2019,Offline,TRUE
CAM01169,Mehsana,Home Department - Police,Mehsana Taluka,IP Bullet,Honeywell,Government,23.60242,72.393714,Local NVR,7,2020,Offline,TRUE
CAM01170,Mehsana,Home Department - Police,Mehsana Taluka,IP PTZ,Bosch,Government,23.601885,72.393336,Cloud,15,2018,Maintenance,TRUE
CAM01171,Mehsana,Home Department - Police,Mehsana Taluka,IP Dome,Dahua,Government,23.603118,72.392907,Cloud,30,2019,Active,TRUE
CAM01172,Mehsana,Home Department - Police,Nandasan,IP Bullet,Bosch,Government,23.380314,72.408343,Cloud,15,2025,Maintenance,TRUE
CAM01173,Mehsana,Home Department - Police,Nandasan,IP Dome,Dahua,Government,23.379813,72.408601,Cloud,30,2019,Active,TRUE
CAM01174,Mehsana,Home Department - Police,Nandasan,IP Dome,Dahua,Government,23.380362,72.407598,Local NVR,15,2021,Active,TRUE
CAM01175,Mehsana,Home Department - Police,Nandasan,IP Dome,Bosch,Government,23.380695,72.407272,Cloud,15,2016,Active,TRUE
CAM01176,Mehsana,Home Department - Police,Santhal,Analog Dome,Bosch,Government,23.484462,72.256466,Cloud,30,2020,Active,TRUE
CAM01177,Mehsana,Home Department - Police,Santhal,Analog PTZ,Honeywell,Government,23.485407,72.256713,Cloud,7,2024,Active,TRUE
CAM01178,Mehsana,Home Department - Police,Satlasana,Analog Dome,Honeywell,Government,24.025342,72.791725,Local NVR,15,2021,Offline,TRUE
CAM01179,Mehsana,Home Department - Police,Satlasana,IP Bullet,CP Plus,Government,24.023868,72.791041,Cloud,15,2024,Offline,TRUE
CAM01180,Mehsana,Home Department - Police,Satlasana,IP Bullet,Honeywell,Government,24.024962,72.791119,Local NVR,30,2021,Maintenance,TRUE
CAM01181,Mehsana,Home Department - Police,Unjha,Analog Dome,Dahua,Government,23.809591,72.395406,Local NVR,15,2023,Offline,TRUE
CAM01182,Mehsana,Home Department - Police,Unjha,Analog PTZ,Hikvision,Government,23.810496,72.396355,Local NVR,15,2019,Active,TRUE
CAM01183,Mehsana,Home Department - Police,Vadnagar,IP Dome,CP Plus,Government,23.784639,72.629359,Cloud,7,2019,Active,TRUE
CAM01184,Mehsana,Home Department - Police,Vadnagar,IP PTZ,Honeywell,Government,23.784494,72.630108,Cloud,15,2016,Maintenance,TRUE
CAM01185,Mehsana,Home Department - Police,Vasai,IP Dome,Bosch,Government,23.543435,72.557578,Cloud,30,2024,Active,TRUE
CAM01186,Mehsana,Home Department - Police,Vasai,Analog Dome,Dahua,Government,23.543842,72.557703,Cloud,30,2022,Offline,TRUE
CAM01187,Mehsana,Home Department - Police,Vasai,IP Bullet,Honeywell,Government,23.543433,72.556436,Cloud,7,2023,Active,TRUE
CAM01188,Mehsana,Home Department - Police,Vasai,IP Dome,Bosch,Government,23.542863,72.5566,Local NVR,15,2021,Active,TRUE
CAM01189,Mehsana,Home Department - Police,Vijapur,Analog Dome,Hikvision,Government,23.567597,72.74837,Local NVR,15,2019,Maintenance,TRUE
CAM01190,Mehsana,Home Department - Police,Vijapur,IP PTZ,CP Plus,Government,23.566379,72.748146,Local NVR,30,2025,Offline,TRUE
CAM01191,Mehsana,Home Department - Police,Vijapur,Analog Dome,Bosch,Government,23.567337,72.747826,Cloud,15,2023,Active,TRUE
CAM01192,Mehsana,Home Department - Police,Visnagar City,IP Dome,Dahua,Government,23.699453,72.54572,Cloud,15,2017,Active,TRUE
CAM01193,Mehsana,Home Department - Police,Visnagar City,IP Dome,Honeywell,Government,23.69864,72.545958,Cloud,15,2019,Active,TRUE
CAM01194,Mehsana,Home Department - Police,Visnagar City,IP Bullet,Bosch,Government,23.700268,72.545195,Local NVR,15,2020,Active,TRUE
CAM01195,Mehsana,Home Department - Police,Visnagar City,Analog PTZ,Hikvision,Government,23.69928,72.546789,Local NVR,30,2024,Maintenance,TRUE
CAM01196,Mehsana,Home Department - Police,Visnagar Taluka,Analog PTZ,CP Plus,Government,23.695382,72.552304,Cloud,7,2016,Active,TRUE
CAM01197,Mehsana,Home Department - Police,Visnagar Taluka,IP Dome,CP Plus,Government,23.695202,72.551669,Cloud,15,2021,Active,TRUE
CAM01198,Mehsana,Home Department - Police,Modhera,Analog PTZ,Bosch,Government,23.582388,72.13936,Local NVR,7,2018,Active,TRUE
CAM01199,Mehsana,Home Department - Police,Modhera,IP Bullet,Dahua,Government,23.583354,72.139797,Cloud,30,2018,Active,TRUE
CAM01200,Mehsana,Home Department - Police,Unava,IP Dome,Bosch,Government,23.762301,72.358926,Local NVR,15,2025,Active,TRUE
CAM01201,Mehsana,Home Department - Police,Unava,Analog Dome,CP Plus,Government,23.761955,72.35968,Cloud,7,2019,Active,TRUE
CAM01202,Mehsana,Home Department - Police,Ladol,IP PTZ,CP Plus,Government,23.624351,72.735619,Local NVR,30,2019,Active,TRUE
CAM01203,Mehsana,Home Department - Police,Ladol,IP Bullet,Honeywell,Government,23.624057,72.734733,Cloud,7,2018,Active,TRUE
CAM01204,Morbi,Home Department - Police,Halvad,IP Bullet,Bosch,Government,23.013075,71.202942,Cloud,30,2019,Active,TRUE
CAM01205,Morbi,Home Department - Police,Halvad,Analog Dome,Dahua,Government,23.012517,71.202541,Cloud,7,2022,Active,TRUE
CAM01206,Morbi,Home Department - Police,Maliya Miyana,Analog PTZ,Hikvision,Government,23.093153,70.758674,Local NVR,15,2016,Active,TRUE
CAM01207,Morbi,Home Department - Police,Maliya Miyana,Analog PTZ,Hikvision,Government,23.093987,70.759037,Cloud,7,2019,Active,TRUE
CAM01208,Morbi,Home Department - Police,Maliya Miyana,Analog PTZ,Bosch,Government,23.092384,70.759097,Local NVR,30,2019,Active,TRUE
CAM01209,Morbi,Home Department - Police,Morbi City A Div,Analog PTZ,Dahua,Government,22.813076,70.836557,Cloud,7,2021,Active,TRUE
CAM01210,Morbi,Home Department - Police,Morbi City A Div,Analog PTZ,Dahua,Government,22.813972,70.836237,Local NVR,30,2018,Offline,TRUE
CAM01211,Morbi,Home Department - Police,Morbi City A Div,IP Bullet,Honeywell,Government,22.813695,70.835519,Local NVR,7,2020,Active,TRUE
CAM01212,Morbi,Home Department - Police,Morbi City B Div,Analog Dome,CP Plus,Government,22.835337,70.852068,Cloud,30,2016,Maintenance,TRUE
CAM01213,Morbi,Home Department - Police,Morbi City B Div,Analog Dome,Dahua,Government,22.83587,70.85112,Local NVR,30,2024,Maintenance,TRUE
CAM01214,Morbi,Home Department - Police,Morbi Taluka,IP Bullet,Bosch,Government,22.824349,70.8466,Local NVR,30,2018,Active,TRUE
CAM01215,Morbi,Home Department - Police,Morbi Taluka,IP PTZ,Hikvision,Government,22.825,70.84713,Local NVR,15,2017,Offline,TRUE
CAM01216,Morbi,Home Department - Police,Tankara,IP Bullet,Dahua,Government,22.658365,70.746183,Cloud,30,2020,Active,TRUE
CAM01217,Morbi,Home Department - Police,Tankara,IP PTZ,Honeywell,Government,22.658371,70.747132,Cloud,7,2022,Maintenance,TRUE
CAM01218,Morbi,Home Department - Police,Tankara,IP PTZ,Honeywell,Government,22.658292,70.746574,Local NVR,7,2022,Active,TRUE
CAM01219,Morbi,Home Department - Police,Tankara,IP Dome,Honeywell,Government,22.656947,70.746912,Local NVR,30,2025,Offline,TRUE
CAM01220,Morbi,Home Department - Police,Wankaner City,Analog Dome,Hikvision,Government,22.608179,70.948979,Cloud,7,2020,Active,TRUE
CAM01221,Morbi,Home Department - Police,Wankaner City,Analog PTZ,CP Plus,Government,22.608593,70.949107,Local NVR,7,2018,Active,TRUE
CAM01222,Morbi,Home Department - Police,Wankaner City,IP Dome,Dahua,Government,22.609414,70.94896,Local NVR,15,2017,Active,TRUE
CAM01223,Morbi,Home Department - Police,Wankaner Taluka,IP PTZ,Honeywell,Government,22.609228,70.949948,Local NVR,15,2018,Active,TRUE
CAM01224,Morbi,Home Department - Police,Wankaner Taluka,IP Bullet,Dahua,Government,22.608764,70.949492,Cloud,15,2021,Active,TRUE
CAM01225,Morbi,Home Department - Police,Wankaner Taluka,IP Dome,Bosch,Government,22.608604,70.951235,Local NVR,30,2025,Offline,TRUE
CAM01226,Morbi,Home Department - Police,Wankaner Taluka,Analog PTZ,Dahua,Government,22.608629,70.950943,Cloud,30,2019,Maintenance,TRUE
CAM01227,Morbi,Home Department - Police,Mahila,Analog PTZ,CP Plus,Government,22.811815,70.837776,Local NVR,7,2022,Maintenance,TRUE
CAM01228,Morbi,Home Department - Police,Mahila,IP Bullet,Honeywell,Government,22.811339,70.836795,Local NVR,30,2018,Active,TRUE
CAM01229,Narmada,Home Department - Police,Dediapada,IP PTZ,Honeywell,Government,21.627141,73.588007,Cloud,7,2018,Active,TRUE
CAM01230,Narmada,Home Department - Police,Dediapada,IP Dome,Honeywell,Government,21.626763,73.58789,Cloud,30,2022,Active,TRUE
CAM01231,Narmada,Home Department - Police,Dediapada,IP Dome,Hikvision,Government,21.627719,73.588129,Cloud,7,2016,Active,TRUE
CAM01232,Narmada,Home Department - Police,Dediapada,IP Dome,Hikvision,Government,21.628019,73.587931,Cloud,30,2025,Active,TRUE
CAM01233,Narmada,Home Department - Police,Garudeshwar,IP PTZ,CP Plus,Government,21.889046,73.653957,Local NVR,15,2025,Maintenance,TRUE
CAM01234,Narmada,Home Department - Police,Garudeshwar,Analog Dome,Hikvision,Government,21.889171,73.653807,Cloud,7,2020,Active,TRUE
CAM01235,Narmada,Home Department - Police,Garudeshwar,IP Bullet,Hikvision,Government,21.889873,73.653891,Cloud,7,2022,Active,TRUE
CAM01236,Narmada,Home Department - Police,Garudeshwar,IP Bullet,Bosch,Government,21.889662,73.653971,Cloud,15,2020,Active,TRUE
CAM01237,Narmada,Home Department - Police,Kevadiya,Analog PTZ,Hikvision,Government,21.883182,73.69403,Local NVR,7,2020,Active,TRUE
CAM01238,Narmada,Home Department - Police,Kevadiya,Analog Dome,CP Plus,Government,21.88444,73.693964,Cloud,15,2016,Offline,TRUE
CAM01239,Narmada,Home Department - Police,Mahila,Analog PTZ,Honeywell,Government,21.873148,73.503956,Local NVR,15,2018,Active,TRUE
CAM01240,Narmada,Home Department - Police,Mahila,Analog PTZ,Hikvision,Government,21.872557,73.503632,Cloud,7,2021,Active,TRUE
CAM01241,Narmada,Home Department - Police,Mahila,IP Dome,Hikvision,Government,21.872645,73.503436,Local NVR,30,2023,Active,TRUE
CAM01242,Narmada,Home Department - Police,Rajpipla(Nandod),IP PTZ,Dahua,Government,21.872232,73.504524,Local NVR,15,2018,Maintenance,TRUE
CAM01243,Narmada,Home Department - Police,Rajpipla(Nandod),Analog PTZ,CP Plus,Government,21.872935,73.504484,Cloud,15,2025,Maintenance,TRUE
CAM01244,Narmada,Home Department - Police,Sagbara,Analog Dome,CP Plus,Government,21.544006,73.791281,Local NVR,7,2024,Offline,TRUE
CAM01245,Narmada,Home Department - Police,Sagbara,IP Dome,CP Plus,Government,21.544398,73.791269,Local NVR,7,2019,Active,TRUE
CAM01246,Narmada,Home Department - Police,Sagbara,IP PTZ,CP Plus,Government,21.5449,73.790351,Cloud,7,2024,Active,TRUE
CAM01247,Narmada,Home Department - Police,Sagbara,Analog PTZ,Bosch,Government,21.543761,73.791849,Cloud,30,2018,Maintenance,TRUE
CAM01248,Narmada,Home Department - Police,Tilakwada,IP Dome,CP Plus,Government,21.949746,73.58917,Local NVR,30,2018,Active,TRUE
CAM01249,Narmada,Home Department - Police,Tilakwada,IP Dome,Honeywell,Government,21.95062,73.58953,Cloud,15,2016,Offline,TRUE
CAM01250,Narmada,Home Department - Police,Amletha,IP Bullet,Hikvision,Government,21.83813,73.422565,Cloud,30,2017,Maintenance,TRUE
CAM01251,Narmada,Home Department - Police,Amletha,Analog Dome,Dahua,Government,21.838345,73.422236,Local NVR,15,2018,Active,TRUE
CAM01252,Navsari,Home Department - Police,Bilimora,IP Dome,CP Plus,Government,20.766991,72.963752,Cloud,30,2020,Active,TRUE
CAM01253,Navsari,Home Department - Police,Bilimora,IP Dome,Bosch,Government,20.766672,72.962813,Local NVR,30,2018,Maintenance,TRUE
CAM01254,Navsari,Home Department - Police,Bilimora,Analog Dome,Dahua,Government,20.766581,72.963994,Cloud,15,2025,Active,TRUE
CAM01255,Navsari,Home Department - Police,Chikhli,IP Bullet,Bosch,Government,20.759163,73.062538,Cloud,7,2018,Maintenance,TRUE
CAM01256,Navsari,Home Department - Police,Chikhli,Analog Dome,Hikvision,Government,20.757742,73.062942,Local NVR,15,2024,Active,TRUE
CAM01257,Navsari,Home Department - Police,Chikhli,IP Bullet,Hikvision,Government,20.758586,73.062328,Local NVR,30,2022,Maintenance,TRUE
CAM01258,Navsari,Home Department - Police,Dholai Marin,Analog Dome,Dahua,Government,20.737425,72.898913,Cloud,7,2021,Active,TRUE
CAM01259,Navsari,Home Department - Police,Dholai Marin,Analog Dome,Hikvision,Government,20.737232,72.898917,Local NVR,7,2019,Offline,TRUE
CAM01260,Navsari,Home Department - Police,Gandevi,IP Dome,Honeywell,Government,20.811599,72.995368,Cloud,30,2020,Maintenance,TRUE
CAM01261,Navsari,Home Department - Police,Gandevi,IP Dome,Dahua,Government,20.810532,72.995876,Local NVR,15,2020,Offline,TRUE
CAM01262,Navsari,Home Department - Police,Jalalpore,IP Bullet,Hikvision,Government,20.949004,72.901836,Local NVR,15,2021,Offline,TRUE
CAM01263,Navsari,Home Department - Police,Jalalpore,IP Dome,Honeywell,Government,20.94862,72.902586,Local NVR,15,2018,Offline,TRUE
CAM01264,Navsari,Home Department - Police,Khergam,IP Dome,Hikvision,Government,20.634342,73.092923,Cloud,7,2023,Active,TRUE
CAM01265,Navsari,Home Department - Police,Khergam,Analog Dome,Honeywell,Government,20.635204,73.09294,Local NVR,15,2024,Active,TRUE
CAM01266,Navsari,Home Department - Police,Mahila,IP Dome,Bosch,Government,20.953765,72.929802,Cloud,7,2022,Offline,TRUE
CAM01267,Navsari,Home Department - Police,Mahila,IP PTZ,Hikvision,Government,20.954333,72.930404,Cloud,7,2025,Active,TRUE
CAM01268,Navsari,Home Department - Police,Mahila,IP PTZ,Hikvision,Government,20.954226,72.930424,Local NVR,15,2017,Active,TRUE
CAM01269,Navsari,Home Department - Police,Navsari Rural,Analog PTZ,Hikvision,Government,20.953954,72.92835,Cloud,7,2021,Maintenance,TRUE
CAM01270,Navsari,Home Department - Police,Navsari Rural,IP PTZ,CP Plus,Government,20.954127,72.928698,Cloud,30,2020,Maintenance,TRUE
CAM01271,Navsari,Home Department - Police,Navsari Rural,IP PTZ,Honeywell,Government,20.953734,72.929392,Cloud,15,2022,Active,TRUE
CAM01272,Navsari,Home Department - Police,Navsari Town,IP Dome,Bosch,Government,20.954762,72.930394,Local NVR,15,2021,Active,TRUE
CAM01273,Navsari,Home Department - Police,Navsari Town,Analog Dome,Hikvision,Government,20.954358,72.929839,Cloud,7,2019,Active,TRUE
CAM01274,Navsari,Home Department - Police,Navsari Town,IP Bullet,Bosch,Government,20.953917,72.929706,Local NVR,30,2017,Active,TRUE
CAM01275,Navsari,Home Department - Police,Navsari Town,IP PTZ,Hikvision,Government,20.953869,72.929523,Cloud,7,2024,Active,TRUE
CAM01276,Navsari,Home Department - Police,Vansda,IP Dome,Dahua,Government,20.762501,73.361657,Local NVR,30,2021,Maintenance,TRUE
CAM01277,Navsari,Home Department - Police,Vansda,Analog PTZ,Bosch,Government,20.761501,73.362632,Cloud,30,2017,Active,TRUE
CAM01278,Navsari,Home Department - Police,Vansda,Analog PTZ,Honeywell,Government,20.762825,73.36156,Cloud,30,2019,Maintenance,TRUE
CAM01279,Navsari,Home Department - Police,Vijalpor,IP PTZ,CP Plus,Government,20.947046,72.917293,Cloud,7,2022,Active,TRUE
CAM01280,Navsari,Home Department - Police,Vijalpor,Analog PTZ,CP Plus,Government,20.947075,72.917873,Cloud,7,2020,Active,TRUE
CAM01281,Navsari,Home Department - Police,Maroli,IP PTZ,Honeywell,Government,21.025388,72.884067,Cloud,30,2023,Active,TRUE
CAM01282,Navsari,Home Department - Police,Maroli,Analog PTZ,Dahua,Government,21.02499,72.883627,Cloud,7,2022,Active,TRUE
CAM01283,Navsari,Home Department - Police,Maroli,IP Bullet,Bosch,Government,21.026354,72.884397,Local NVR,30,2024,Offline,TRUE
CAM01284,Panchmahal,Home Department - Police,Godhra A Div.,IP Bullet,Hikvision,Government,22.774603,73.617568,Cloud,15,2025,Active,TRUE
CAM01285,Panchmahal,Home Department - Police,Godhra A Div.,IP PTZ,Dahua,Government,22.773148,73.618172,Cloud,30,2018,Maintenance,TRUE
CAM01286,Panchmahal,Home Department - Police,Godhra A Div.,IP Bullet,Bosch,Government,22.773595,73.617858,Cloud,7,2023,Active,TRUE
CAM01287,Panchmahal,Home Department - Police,Godhra B Div.,IP Bullet,Honeywell,Government,22.777711,73.612246,Local NVR,7,2024,Active,TRUE
CAM01288,Panchmahal,Home Department - Police,Godhra B Div.,IP Dome,Dahua,Government,22.776327,73.611834,Local NVR,7,2025,Active,TRUE
CAM01289,Panchmahal,Home Department - Police,Godhra B Div.,IP PTZ,Bosch,Government,22.777563,73.612394,Local NVR,15,2017,Active,TRUE
CAM01290,Panchmahal,Home Department - Police,Godhra B Div.,Analog PTZ,Hikvision,Government,22.776583,73.612466,Cloud,15,2024,Maintenance,TRUE
CAM01291,Panchmahal,Home Department - Police,Godhra Taluka,IP PTZ,Bosch,Government,22.778174,73.621302,Local NVR,30,2024,Maintenance,TRUE
CAM01292,Panchmahal,Home Department - Police,Godhra Taluka,IP Dome,Hikvision,Government,22.778997,73.621495,Cloud,30,2017,Active,TRUE
CAM01293,Panchmahal,Home Department - Police,Godhra Taluka,Analog Dome,Honeywell,Government,22.778965,73.620971,Cloud,30,2023,Maintenance,TRUE
CAM01294,Panchmahal,Home Department - Police,Halol Town,IP PTZ,CP Plus,Government,22.501454,73.47383,Cloud,15,2020,Offline,TRUE
CAM01295,Panchmahal,Home Department - Police,Halol Town,IP Dome,Dahua,Government,22.501094,73.474123,Local NVR,15,2023,Maintenance,TRUE
CAM01296,Panchmahal,Home Department - Police,Halol Town,Analog Dome,Dahua,Government,22.500422,73.474445,Local NVR,30,2019,Active,TRUE
CAM01297,Panchmahal,Home Department - Police,Halol Town,IP Bullet,Hikvision,Government,22.500961,73.475396,Local NVR,7,2022,Active,TRUE
CAM01298,Panchmahal,Home Department - Police,Jambughoda,Analog Dome,Dahua,Government,22.36944,73.729379,Local NVR,7,2024,Offline,TRUE
CAM01299,Panchmahal,Home Department - Police,Jambughoda,IP Bullet,Honeywell,Government,22.370951,73.72914,Local NVR,7,2022,Offline,TRUE
CAM01300,Panchmahal,Home Department - Police,Kalol,IP PTZ,Dahua,Government,22.60504,73.459788,Cloud,15,2018,Active,TRUE
CAM01301,Panchmahal,Home Department - Police,Kalol,IP Dome,Honeywell,Government,22.604987,73.460085,Local NVR,30,2024,Active,TRUE
CAM01302,Panchmahal,Home Department - Police,Kalol,IP Bullet,Hikvision,Government,22.606315,73.458929,Cloud,7,2021,Maintenance,TRUE
CAM01303,Panchmahal,Home Department - Police,Mahila,Analog Dome,Honeywell,Government,22.767164,73.620396,Cloud,30,2016,Maintenance,TRUE
CAM01304,Panchmahal,Home Department - Police,Mahila,Analog PTZ,CP Plus,Government,22.766078,73.62065,Cloud,30,2023,Active,TRUE
CAM01305,Panchmahal,Home Department - Police,Morva,Analog PTZ,Hikvision,Government,22.916903,73.842113,Local NVR,7,2022,Active,TRUE
CAM01306,Panchmahal,Home Department - Police,Morva,IP Dome,Hikvision,Government,22.917683,73.841749,Local NVR,30,2025,Active,TRUE
CAM01307,Panchmahal,Home Department - Police,Morva,IP Dome,Hikvision,Government,22.916747,73.841108,Local NVR,15,2018,Active,TRUE
CAM01308,Panchmahal,Home Department - Police,Pavagadh,IP Dome,Bosch,Government,22.48387,73.535037,Cloud,7,2022,Maintenance,TRUE
CAM01309,Panchmahal,Home Department - Police,Pavagadh,IP Bullet,CP Plus,Government,22.484364,73.534169,Local NVR,7,2023,Active,TRUE
CAM01310,Panchmahal,Home Department - Police,Pavagadh,IP Dome,Dahua,Government,22.484876,73.534741,Local NVR,15,2016,Offline,TRUE
CAM01311,Panchmahal,Home Department - Police,Rajgadh,IP Dome,CP Plus,Government,22.570433,73.651559,Cloud,30,2020,Active,TRUE
CAM01312,Panchmahal,Home Department - Police,Rajgadh,Analog PTZ,Hikvision,Government,22.570381,73.652644,Cloud,7,2019,Active,TRUE
CAM01313,Panchmahal,Home Department - Police,Rajgadh,Analog PTZ,Dahua,Government,22.569698,73.651424,Local NVR,7,2018,Active,TRUE
CAM01314,Panchmahal,Home Department - Police,Rajgadh,IP PTZ,Bosch,Government,22.570076,73.652267,Local NVR,30,2020,Maintenance,TRUE
CAM01315,Panchmahal,Home Department - Police,Shehra,IP PTZ,Hikvision,Government,22.947117,73.632171,Local NVR,7,2020,Active,TRUE
CAM01316,Panchmahal,Home Department - Police,Shehra,IP PTZ,Honeywell,Government,22.948384,73.632693,Local NVR,15,2023,Offline,TRUE
CAM01317,Panchmahal,Home Department - Police,Vejalpur,Analog PTZ,Dahua,Government,22.690904,73.558968,Cloud,15,2025,Active,TRUE
CAM01318,Panchmahal,Home Department - Police,Vejalpur,Analog Dome,Bosch,Government,22.691412,73.55992,Local NVR,30,2020,Offline,TRUE
CAM01319,Panchmahal,Home Department - Police,Damavav,IP PTZ,CP Plus,Government,22.703421,73.757542,Local NVR,7,2021,Active,TRUE
CAM01320,Panchmahal,Home Department - Police,Damavav,Analog PTZ,Hikvision,Government,22.703091,73.758005,Cloud,15,2018,Active,TRUE
CAM01321,Panchmahal,Home Department - Police,Damavav,Analog PTZ,CP Plus,Government,22.703994,73.757721,Cloud,15,2025,Active,TRUE
CAM01322,Panchmahal,Home Department - Police,Halol Rural,Analog PTZ,Honeywell,Government,22.502305,73.480406,Cloud,30,2024,Maintenance,TRUE
CAM01323,Panchmahal,Home Department - Police,Halol Rural,IP Bullet,CP Plus,Government,22.503151,73.480798,Cloud,15,2021,Maintenance,TRUE
CAM01324,Panchmahal,Home Department - Police,Halol Rural,IP Dome,Bosch,Government,22.502007,73.480509,Cloud,30,2017,Active,TRUE
CAM01325,Panchmahal,Home Department - Police,Halol Rural,Analog PTZ,Hikvision,Government,22.502987,73.480441,Cloud,15,2016,Active,TRUE
CAM01326,Panchmahal,Home Department - Police,Kankanpur,Analog Dome,Hikvision,Government,22.838397,73.482654,Local NVR,30,2024,Active,TRUE
CAM01327,Panchmahal,Home Department - Police,Kankanpur,Analog PTZ,Dahua,Government,22.837007,73.4821,Local NVR,15,2022,Maintenance,TRUE
CAM01328,Patan,Home Department - Police,Balisana,IP Dome,Bosch,Government,23.81776,72.256143,Local NVR,30,2025,Maintenance,TRUE
CAM01329,Patan,Home Department - Police,Balisana,Analog PTZ,Honeywell,Government,23.817646,72.256733,Cloud,7,2017,Active,TRUE
CAM01330,Patan,Home Department - Police,Chanasma,IP PTZ,CP Plus,Government,23.717157,72.108702,Cloud,7,2021,Active,TRUE
CAM01331,Patan,Home Department - Police,Chanasma,IP Dome,Hikvision,Government,23.716974,72.109914,Local NVR,7,2024,Active,TRUE
CAM01332,Patan,Home Department - Police,Harij,Analog Dome,Bosch,Government,23.69403,71.906686,Local NVR,30,2021,Active,TRUE
CAM01333,Patan,Home Department - Police,Harij,IP Bullet,Dahua,Government,23.69399,71.907601,Cloud,30,2017,Maintenance,TRUE
CAM01334,Patan,Home Department - Police,Kakoshi,IP Bullet,Honeywell,Government,24.003696,72.302998,Local NVR,30,2024,Maintenance,TRUE
CAM01335,Patan,Home Department - Police,Kakoshi,IP Bullet,Hikvision,Government,24.004649,72.303357,Local NVR,15,2023,Active,TRUE
CAM01336,Patan,Home Department - Police,Kakoshi,IP Bullet,Hikvision,Government,24.003527,72.304282,Cloud,15,2019,Active,TRUE
CAM01337,Patan,Home Department - Police,Kakoshi,IP PTZ,CP Plus,Government,24.003274,72.303985,Local NVR,7,2023,Active,TRUE
CAM01338,Patan,Home Department - Police,Mahila,Analog PTZ,Dahua,Government,23.85234,72.135999,Local NVR,30,2024,Active,TRUE
CAM01339,Patan,Home Department - Police,Mahila,IP Bullet,Dahua,Government,23.852401,72.134818,Local NVR,15,2018,Offline,TRUE
CAM01340,Patan,Home Department - Police,Patan City A Div,Analog PTZ,Bosch,Government,23.84666,72.111819,Cloud,30,2017,Active,TRUE
CAM01341,Patan,Home Department - Police,Patan City A Div,IP Bullet,Bosch,Government,23.848008,72.112138,Cloud,30,2017,Active,TRUE
CAM01342,Patan,Home Department - Police,Patan City A Div,Analog PTZ,Hikvision,Government,23.846728,72.112708,Local NVR,30,2018,Offline,TRUE
CAM01343,Patan,Home Department - Police,Patan City A Div,IP Dome,Dahua,Government,23.84711,72.111577,Local NVR,7,2024,Active,TRUE
CAM01344,Patan,Home Department - Police,Patan City B Div,IP PTZ,Dahua,Government,23.853028,72.139603,Local NVR,7,2016,Active,TRUE
CAM01345,Patan,Home Department - Police,Patan City B Div,IP Bullet,Dahua,Government,23.853292,72.140007,Cloud,15,2022,Active,TRUE
CAM01346,Patan,Home Department - Police,Patan City B Div,Analog Dome,Bosch,Government,23.853193,72.139642,Cloud,30,2023,Active,TRUE
CAM01347,Patan,Home Department - Police,Patan Taluka,IP Dome,Hikvision,Government,23.821675,72.123961,Local NVR,7,2017,Active,TRUE
CAM01348,Patan,Home Department - Police,Patan Taluka,IP PTZ,Bosch,Government,23.822185,72.124257,Local NVR,7,2025,Active,TRUE
CAM01349,Patan,Home Department - Police,Patan Taluka,IP PTZ,CP Plus,Government,23.822548,72.125344,Cloud,7,2020,Active,TRUE
CAM01350,Patan,Home Department - Police,Patan Taluka,IP Dome,Hikvision,Government,23.822373,72.125032,Cloud,30,2020,Offline,TRUE
CAM01351,Patan,Home Department - Police,Radhanpur,IP Bullet,Dahua,Government,23.829305,71.615071,Cloud,7,2019,Active,TRUE
CAM01352,Patan,Home Department - Police,Radhanpur,IP PTZ,Bosch,Government,23.828573,71.614355,Local NVR,7,2016,Active,TRUE
CAM01353,Patan,Home Department - Police,Radhanpur,IP Dome,Honeywell,Government,23.829729,71.615122,Local NVR,15,2018,Offline,TRUE
CAM01354,Patan,Home Department - Police,Sami,IP Dome,Hikvision,Government,23.68236,71.770159,Local NVR,7,2017,Offline,TRUE
CAM01355,Patan,Home Department - Police,Sami,IP Dome,Dahua,Government,23.682387,71.771072,Local NVR,15,2017,Maintenance,TRUE
CAM01356,Patan,Home Department - Police,Sankheshwer,Analog PTZ,Dahua,Government,23.501389,71.784871,Local NVR,7,2023,Active,TRUE
CAM01357,Patan,Home Department - Police,Sankheshwer,Analog Dome,Bosch,Government,23.5013,71.78449,Cloud,15,2024,Offline,TRUE
CAM01358,Patan,Home Department - Police,Sankheshwer,IP Bullet,CP Plus,Government,23.502069,71.783926,Local NVR,15,2022,Active,TRUE
CAM01359,Patan,Home Department - Police,Sankheshwer,Analog PTZ,CP Plus,Government,23.501198,71.785223,Cloud,7,2022,Maintenance,TRUE
CAM01360,Patan,Home Department - Police,Santalpur,IP PTZ,Honeywell,Government,23.75874,71.169107,Cloud,15,2024,Active,TRUE
CAM01361,Patan,Home Department - Police,Santalpur,Analog PTZ,Dahua,Government,23.760144,71.169318,Cloud,7,2022,Offline,TRUE
CAM01362,Patan,Home Department - Police,Santalpur,IP Dome,Bosch,Government,23.759482,71.169232,Local NVR,30,2025,Active,TRUE
CAM01363,Patan,Home Department - Police,Santalpur,IP Bullet,Bosch,Government,23.759065,71.170359,Cloud,30,2023,Active,TRUE
CAM01364,Patan,Home Department - Police,Sidhpur,Analog PTZ,Hikvision,Government,23.919326,72.365972,Local NVR,7,2023,Maintenance,TRUE
CAM01365,Patan,Home Department - Police,Sidhpur,IP Dome,Hikvision,Government,23.918395,72.366188,Local NVR,15,2025,Active,TRUE
CAM01366,Patan,Home Department - Police,Sidhpur,IP Dome,Dahua,Government,23.919096,72.366867,Cloud,15,2016,Active,TRUE
CAM01367,Patan,Home Department - Police,Sidhpur,IP Bullet,Hikvision,Government,23.919734,72.366583,Local NVR,7,2024,Active,TRUE
CAM01368,Patan,Home Department - Police,Vagdod,IP Dome,Bosch,Government,23.988265,72.150193,Local NVR,7,2019,Maintenance,TRUE
CAM01369,Patan,Home Department - Police,Vagdod,Analog PTZ,Dahua,Government,23.987973,72.151788,Local NVR,7,2017,Offline,TRUE
CAM01370,Patan,Home Department - Police,Vagdod,IP Bullet,CP Plus,Government,23.987996,72.151625,Local NVR,7,2025,Maintenance,TRUE
CAM01371,Patan,Home Department - Police,Varahi,Analog Dome,Bosch,Government,23.79677,71.44681,Cloud,15,2020,Maintenance,TRUE
CAM01372,Patan,Home Department - Police,Varahi,Analog Dome,Dahua,Government,23.796584,71.447209,Local NVR,15,2021,Maintenance,TRUE
CAM01373,Patan,Home Department - Police,Varahi,IP Dome,Honeywell,Government,23.797251,71.447992,Cloud,15,2023,Active,TRUE
CAM01374,Patan,Home Department - Police,Varahi,IP Bullet,Honeywell,Government,23.797772,71.447368,Local NVR,7,2020,Offline,TRUE
CAM01375,Porbandar,Home Department - Police,Bagvadar,IP PTZ,CP Plus,Government,21.791964,69.591697,Local NVR,30,2016,Active,TRUE
CAM01376,Porbandar,Home Department - Police,Bagvadar,IP PTZ,Hikvision,Government,21.791177,69.59149,Cloud,7,2024,Active,TRUE
CAM01377,Porbandar,Home Department - Police,Bagvadar,Analog Dome,Hikvision,Government,21.791838,69.591287,Local NVR,30,2021,Maintenance,TRUE
CAM01378,Porbandar,Home Department - Police,Bagvadar,Analog Dome,Honeywell,Government,21.791587,69.591673,Cloud,30,2017,Active,TRUE
CAM01379,Porbandar,Home Department - Police,Kamalabag,IP Bullet,CP Plus,Government,21.638516,69.623654,Cloud,15,2023,Active,TRUE
CAM01380,Porbandar,Home Department - Police,Kamalabag,Analog Dome,CP Plus,Government,21.639551,69.624007,Cloud,7,2023,Active,TRUE
CAM01381,Porbandar,Home Department - Police,Kamalabag,IP Dome,CP Plus,Government,21.638532,69.623905,Cloud,7,2024,Maintenance,TRUE
CAM01382,Porbandar,Home Department - Police,Kamalabag,IP Dome,Hikvision,Government,21.638301,69.623231,Local NVR,15,2022,Maintenance,TRUE
CAM01383,Porbandar,Home Department - Police,Kirtimandir,Analog PTZ,Honeywell,Government,21.642913,69.601489,Local NVR,30,2024,Offline,TRUE
CAM01384,Porbandar,Home Department - Police,Kirtimandir,IP Bullet,CP Plus,Government,21.641659,69.600237,Cloud,7,2016,Offline,TRUE
CAM01385,Porbandar,Home Department - Police,Kutiyana,Analog PTZ,Dahua,Government,21.624431,69.991048,Cloud,30,2023,Maintenance,TRUE
CAM01386,Porbandar,Home Department - Police,Kutiyana,IP Dome,Bosch,Government,21.623833,69.991182,Local NVR,15,2022,Active,TRUE
CAM01387,Porbandar,Home Department - Police,Kutiyana,IP PTZ,Hikvision,Government,21.623222,69.99151,Local NVR,7,2025,Offline,TRUE
CAM01388,Porbandar,Home Department - Police,Kutiyana,IP Bullet,Bosch,Government,21.623972,69.992322,Local NVR,15,2021,Active,TRUE
CAM01389,Porbandar,Home Department - Police,Madhavpur,IP Bullet,Dahua,Government,21.25813,69.967088,Local NVR,30,2024,Active,TRUE
CAM01390,Porbandar,Home Department - Police,Madhavpur,Analog PTZ,Bosch,Government,21.2578,69.96582,Cloud,15,2025,Active,TRUE
CAM01391,Porbandar,Home Department - Police,Mahila,IP PTZ,Bosch,Government,21.640365,69.619744,Cloud,30,2023,Offline,TRUE
CAM01392,Porbandar,Home Department - Police,Mahila,Analog PTZ,Honeywell,Government,21.641638,69.619179,Local NVR,30,2018,Offline,TRUE
CAM01393,Porbandar,Home Department - Police,Mahila,IP Bullet,CP Plus,Government,21.641736,69.618355,Cloud,30,2016,Active,TRUE
CAM01394,Porbandar,Home Department - Police,Miyani Marin,IP Bullet,Hikvision,Government,21.827409,69.39457,Cloud,30,2019,Maintenance,TRUE
CAM01395,Porbandar,Home Department - Police,Miyani Marin,IP Dome,Honeywell,Government,21.827087,69.394468,Local NVR,7,2017,Active,TRUE
CAM01396,Porbandar,Home Department - Police,Miyani Marin,Analog Dome,Hikvision,Government,21.827251,69.393843,Cloud,15,2021,Active,TRUE
CAM01397,Porbandar,Home Department - Police,Navi Bandar Marin,Analog Dome,CP Plus,Government,21.446373,69.789427,Cloud,15,2025,Maintenance,TRUE
CAM01398,Porbandar,Home Department - Police,Navi Bandar Marin,IP Bullet,Bosch,Government,21.446352,69.789702,Cloud,7,2019,Offline,TRUE
CAM01399,Porbandar,Home Department - Police,Navi Bandar Marin,IP Bullet,Hikvision,Government,21.445608,69.790915,Cloud,7,2017,Active,TRUE
CAM01400,Porbandar,Home Department - Police,Navi Bandar Marin,Analog PTZ,CP Plus,Government,21.446958,69.79021,Local NVR,7,2017,Active,TRUE
CAM01401,Porbandar,Home Department - Police,Ranawav,Analog Dome,Honeywell,Government,21.682759,69.743403,Cloud,7,2021,Maintenance,TRUE
CAM01402,Porbandar,Home Department - Police,Ranawav,Analog Dome,Hikvision,Government,21.682039,69.743178,Cloud,30,2017,Active,TRUE
CAM01403,Porbandar,Home Department - Police,Ranawav,Analog Dome,Honeywell,Government,21.681451,69.743399,Local NVR,7,2016,Active,TRUE
CAM01404,Porbandar,Home Department - Police,Ranawav,IP PTZ,Dahua,Government,21.682747,69.743023,Cloud,7,2020,Active,TRUE
CAM01405,Porbandar,Home Department - Police,Udyognagar,Analog Dome,Honeywell,Government,21.649949,69.635579,Local NVR,15,2024,Offline,TRUE
CAM01406,Porbandar,Home Department - Police,Udyognagar,Analog Dome,Bosch,Government,21.649089,69.6364,Local NVR,30,2017,Active,TRUE
CAM01407,Porbandar,Home Department - Police,Harbar Marin,IP Dome,CP Plus,Government,21.641727,69.586859,Cloud,30,2021,Active,TRUE
CAM01408,Porbandar,Home Department - Police,Harbar Marin,IP Bullet,Bosch,Government,21.642783,69.587583,Cloud,30,2016,Offline,TRUE
CAM01409,Rajkot City,Home Department - Police,A Div.,IP Dome,Bosch,Government,22.296482,70.803171,Cloud,30,2021,Maintenance,TRUE
CAM01410,Rajkot City,Home Department - Police,A Div.,IP Dome,Hikvision,Government,22.296683,70.802205,Local NVR,30,2016,Active,TRUE
CAM01411,Rajkot City,Home Department - Police,A Div.,IP Bullet,Hikvision,Government,22.29615,70.802495,Cloud,7,2020,Active,TRUE
CAM01412,Rajkot City,Home Department - Police,A Div.,Analog Dome,Bosch,Government,22.295941,70.803267,Cloud,15,2016,Maintenance,TRUE
CAM01413,Rajkot City,Home Department - Police,Aaji Dem,IP Bullet,Hikvision,Government,22.247184,70.819044,Local NVR,7,2024,Offline,TRUE
CAM01414,Rajkot City,Home Department - Police,Aaji Dem,Analog PTZ,Bosch,Government,22.248728,70.818444,Cloud,7,2019,Active,TRUE
CAM01415,Rajkot City,Home Department - Police,Aaji Dem,Analog Dome,Honeywell,Government,22.247125,70.8178,Cloud,7,2022,Active,TRUE
CAM01416,Rajkot City,Home Department - Police,Aaji Dem,IP PTZ,CP Plus,Government,22.248422,70.81792,Local NVR,7,2018,Active,TRUE
CAM01417,Rajkot City,Home Department - Police,B Div.,IP Bullet,Honeywell,Government,22.292171,70.813899,Local NVR,15,2020,Active,TRUE
CAM01418,Rajkot City,Home Department - Police,B Div.,IP Bullet,Bosch,Government,22.292269,70.812433,Local NVR,7,2024,Maintenance,TRUE
CAM01419,Rajkot City,Home Department - Police,B Div.,Analog PTZ,CP Plus,Government,22.292371,70.813991,Local NVR,15,2024,Offline,TRUE
CAM01420,Rajkot City,Home Department - Police,Bhaktinagar,Analog Dome,Bosch,Government,22.27634,70.811123,Local NVR,7,2022,Active,TRUE
CAM01421,Rajkot City,Home Department - Police,Bhaktinagar,IP Bullet,Dahua,Government,22.277794,70.812014,Cloud,7,2024,Active,TRUE
CAM01422,Rajkot City,Home Department - Police,Bhaktinagar,IP Bullet,Bosch,Government,22.277457,70.811917,Local NVR,7,2016,Active,TRUE
CAM01423,Rajkot City,Home Department - Police,Bhaktinagar,Analog Dome,Bosch,Government,22.27705,70.81056,Local NVR,7,2020,Active,TRUE
CAM01424,Rajkot City,Home Department - Police,Gandhigram,IP PTZ,Bosch,Government,22.298172,70.769283,Local NVR,7,2016,Active,TRUE
CAM01425,Rajkot City,Home Department - Police,Gandhigram,Analog Dome,Hikvision,Government,22.297004,70.768924,Local NVR,7,2022,Offline,TRUE
CAM01426,Rajkot City,Home Department - Police,Gandhigram,Analog PTZ,Dahua,Government,22.298007,70.770279,Cloud,7,2025,Active,TRUE
CAM01427,Rajkot City,Home Department - Police,Gandhigram-2,IP Dome,Hikvision,Government,22.307464,70.768305,Local NVR,30,2022,Active,TRUE
CAM01428,Rajkot City,Home Department - Police,Gandhigram-2,IP PTZ,Honeywell,Government,22.307516,70.769212,Local NVR,7,2023,Maintenance,TRUE
CAM01429,Rajkot City,Home Department - Police,Gandhigram-2,IP Bullet,Hikvision,Government,22.306812,70.769311,Local NVR,30,2019,Active,TRUE
CAM01430,Rajkot City,Home Department - Police,Gandhigram-2,Analog PTZ,Dahua,Government,22.306125,70.767974,Local NVR,7,2024,Offline,TRUE
CAM01431,Rajkot City,Home Department - Police,Kuwadava Road,IP Dome,Hikvision,Government,22.313756,70.83516,Local NVR,30,2025,Active,TRUE
CAM01432,Rajkot City,Home Department - Police,Kuwadava Road,IP PTZ,Hikvision,Government,22.31461,70.835499,Local NVR,7,2023,Maintenance,TRUE
CAM01433,Rajkot City,Home Department - Police,Kuwadava Road,IP Bullet,Bosch,Government,22.313172,70.834619,Cloud,30,2024,Active,TRUE
CAM01434,Rajkot City,Home Department - Police,Mahila,IP PTZ,CP Plus,Government,22.308486,70.790017,Local NVR,15,2017,Active,TRUE
CAM01435,Rajkot City,Home Department - Police,Mahila,IP Bullet,Honeywell,Government,22.308435,70.789253,Cloud,7,2018,Active,TRUE
CAM01436,Rajkot City,Home Department - Police,Mahila,IP PTZ,Honeywell,Government,22.308049,70.789356,Local NVR,7,2024,Offline,TRUE
CAM01437,Rajkot City,Home Department - Police,Malaviyanagar,Analog PTZ,Hikvision,Government,22.26946,70.789645,Local NVR,30,2020,Active,TRUE
CAM01438,Rajkot City,Home Department - Police,Malaviyanagar,Analog Dome,Bosch,Government,22.270131,70.788562,Cloud,30,2017,Active,TRUE
CAM01439,Rajkot City,Home Department - Police,Malaviyanagar,IP PTZ,Hikvision,Government,22.269477,70.788518,Local NVR,15,2021,Active,TRUE
CAM01440,Rajkot City,Home Department - Police,Malaviyanagar,Analog PTZ,Bosch,Government,22.269094,70.789025,Local NVR,15,2021,Active,TRUE
CAM01441,Rajkot City,Home Department - Police,Pradumannagar,IP Bullet,Honeywell,Government,22.299806,70.796743,Cloud,7,2020,Offline,TRUE
CAM01442,Rajkot City,Home Department - Police,Pradumannagar,Analog Dome,Dahua,Government,22.300131,70.796644,Cloud,15,2024,Offline,TRUE
CAM01443,Rajkot City,Home Department - Police,Pradumannagar,IP Dome,Hikvision,Government,22.299809,70.797387,Cloud,30,2022,Offline,TRUE
CAM01444,Rajkot City,Home Department - Police,Pradumannagar,Analog Dome,Hikvision,Government,22.301546,70.797215,Cloud,30,2022,Maintenance,TRUE
CAM01445,Rajkot City,Home Department - Police,Rajkot Taluka,IP Bullet,Honeywell,Government,22.270104,70.747174,Local NVR,7,2020,Active,TRUE
CAM01446,Rajkot City,Home Department - Police,Rajkot Taluka,IP Bullet,Bosch,Government,22.269598,70.747762,Local NVR,30,2021,Active,TRUE
CAM01447,Rajkot City,Home Department - Police,Rajkot Taluka,Analog PTZ,Hikvision,Government,22.270408,70.747181,Local NVR,30,2022,Offline,TRUE
CAM01448,Rajkot City,Home Department - Police,Rajkot Taluka,Analog Dome,CP Plus,Government,22.269298,70.747032,Local NVR,15,2023,Active,TRUE
CAM01449,Rajkot City,Home Department - Police,Thorala,IP Bullet,Bosch,Government,22.29059,70.820876,Cloud,30,2024,Active,TRUE
CAM01450,Rajkot City,Home Department - Police,Thorala,IP Dome,Bosch,Government,22.290533,70.819715,Local NVR,30,2017,Active,TRUE
CAM01451,Rajkot City,Home Department - Police,Thorala,IP Bullet,Bosch,Government,22.290137,70.820239,Cloud,7,2019,Active,TRUE
CAM01452,Rajkot City,Home Department - Police,Thorala,IP Dome,CP Plus,Government,22.289854,70.820478,Cloud,15,2023,Active,TRUE
CAM01453,Rajkot City,Home Department - Police,DCB,Analog Dome,Bosch,Government,22.298482,70.79134,Local NVR,15,2024,Active,TRUE
CAM01454,Rajkot City,Home Department - Police,DCB,IP Dome,Dahua,Government,22.298906,70.792211,Local NVR,30,2020,Offline,TRUE
CAM01455,Rajkot City,Home Department - Police,DCB,IP Dome,Dahua,Government,22.299292,70.792998,Local NVR,15,2016,Maintenance,TRUE
CAM01456,Rajkot City,Home Department - Police,DCB,IP Bullet,CP Plus,Government,22.299515,70.791993,Cloud,7,2023,Active,TRUE
CAM01457,Rajkot Rural,Home Department - Police,Bhadla,IP PTZ,Dahua,Government,22.18332,71.09663,Local NVR,7,2023,Offline,TRUE
CAM01458,Rajkot Rural,Home Department - Police,Bhadla,IP Bullet,Dahua,Government,22.183554,71.09592,Local NVR,15,2017,Active,TRUE
CAM01459,Rajkot Rural,Home Department - Police,Bhadla,Analog Dome,Bosch,Government,22.183268,71.097032,Local NVR,15,2025,Maintenance,TRUE
CAM01460,Rajkot Rural,Home Department - Police,Bhadla,IP Dome,CP Plus,Government,22.182826,71.095738,Local NVR,30,2018,Active,TRUE
CAM01461,Rajkot Rural,Home Department - Police,Bhayavadar,Analog PTZ,CP Plus,Government,21.850925,70.236683,Cloud,15,2021,Active,TRUE
CAM01462,Rajkot Rural,Home Department - Police,Bhayavadar,Analog PTZ,Dahua,Government,21.850218,70.23652,Cloud,7,2018,Active,TRUE
CAM01463,Rajkot Rural,Home Department - Police,Bhayavadar,IP Bullet,Hikvision,Government,21.849596,70.236489,Cloud,30,2024,Offline,TRUE
CAM01464,Rajkot Rural,Home Department - Police,Bhayavadar,Analog PTZ,CP Plus,Government,21.85078,70.236129,Local NVR,30,2016,Maintenance,TRUE
CAM01465,Rajkot Rural,Home Department - Police,Dhoraji,Analog PTZ,Hikvision,Government,21.729933,70.450218,Cloud,15,2023,Maintenance,TRUE
CAM01466,Rajkot Rural,Home Department - Police,Dhoraji,Analog PTZ,Hikvision,Government,21.73002,70.450147,Local NVR,7,2018,Active,TRUE
CAM01467,Rajkot Rural,Home Department - Police,Dhoraji,Analog PTZ,Dahua,Government,21.730441,70.45058,Local NVR,30,2024,Offline,TRUE
CAM01468,Rajkot Rural,Home Department - Police,Dhoraji,IP Dome,Bosch,Government,21.730342,70.450124,Cloud,30,2021,Offline,TRUE
CAM01469,Rajkot Rural,Home Department - Police,Gondal City,IP Dome,CP Plus,Government,21.967398,70.807808,Cloud,30,2016,Maintenance,TRUE
CAM01470,Rajkot Rural,Home Department - Police,Gondal City,Analog PTZ,Bosch,Government,21.968625,70.807199,Cloud,15,2019,Active,TRUE
CAM01471,Rajkot Rural,Home Department - Police,Gondal City,IP Dome,Honeywell,Government,21.968375,70.807312,Cloud,7,2019,Maintenance,TRUE
CAM01472,Rajkot Rural,Home Department - Police,Gondal Taluka,IP Dome,Bosch,Government,21.950109,70.778645,Local NVR,30,2018,Maintenance,TRUE
CAM01473,Rajkot Rural,Home Department - Police,Gondal Taluka,IP PTZ,Honeywell,Government,21.950362,70.777967,Cloud,15,2021,Active,TRUE
CAM01474,Rajkot Rural,Home Department - Police,Jam Kandorana,Analog Dome,Dahua,Government,21.892682,70.495537,Local NVR,15,2022,Active,TRUE
CAM01475,Rajkot Rural,Home Department - Police,Jam Kandorana,IP PTZ,Bosch,Government,21.891874,70.496388,Local NVR,7,2020,Maintenance,TRUE
CAM01476,Rajkot Rural,Home Department - Police,Jam Kandorana,IP Dome,Dahua,Government,21.891688,70.495492,Local NVR,30,2021,Active,TRUE
CAM01477,Rajkot Rural,Home Department - Police,Jasdan,IP PTZ,CP Plus,Government,22.044484,71.209072,Cloud,15,2025,Active,TRUE
CAM01478,Rajkot Rural,Home Department - Police,Jasdan,IP Dome,Honeywell,Government,22.043885,71.209119,Local NVR,15,2022,Active,TRUE
CAM01479,Rajkot Rural,Home Department - Police,Jasdan,IP PTZ,Dahua,Government,22.043712,71.208973,Cloud,15,2022,Maintenance,TRUE
CAM01480,Rajkot Rural,Home Department - Police,Jetpur City,Analog PTZ,Bosch,Government,21.752177,70.616923,Local NVR,7,2016,Offline,TRUE
CAM01481,Rajkot Rural,Home Department - Police,Jetpur City,Analog Dome,Honeywell,Government,21.753359,70.616743,Local NVR,7,2017,Offline,TRUE
CAM01482,Rajkot Rural,Home Department - Police,Jetpur City,IP PTZ,Hikvision,Government,21.752755,70.617489,Local NVR,15,2016,Offline,TRUE
CAM01483,Rajkot Rural,Home Department - Police,Jetpur City,Analog PTZ,Honeywell,Government,21.751897,70.615867,Cloud,7,2019,Offline,TRUE
CAM01484,Rajkot Rural,Home Department - Police,Jetpur Taluka,Analog PTZ,Dahua,Government,21.753292,70.616186,Local NVR,7,2018,Offline,TRUE
CAM01485,Rajkot Rural,Home Department - Police,Jetpur Taluka,IP Dome,Honeywell,Government,21.753064,70.617465,Cloud,30,2016,Maintenance,TRUE
CAM01486,Rajkot Rural,Home Department - Police,Jetpur Taluka,Analog PTZ,Hikvision,Government,21.753168,70.615849,Cloud,30,2020,Active,TRUE
CAM01487,Rajkot Rural,Home Department - Police,Kotada Sangani,IP PTZ,CP Plus,Government,22.049331,70.868521,Local NVR,7,2022,Active,TRUE
CAM01488,Rajkot Rural,Home Department - Police,Kotada Sangani,IP Dome,Hikvision,Government,22.048974,70.869598,Cloud,7,2022,Offline,TRUE
CAM01489,Rajkot Rural,Home Department - Police,Lodhika,Analog PTZ,Bosch,Government,22.133917,70.633023,Cloud,15,2020,Active,TRUE
CAM01490,Rajkot Rural,Home Department - Police,Lodhika,IP PTZ,Bosch,Government,22.134393,70.632112,Local NVR,15,2025,Active,TRUE
CAM01491,Rajkot Rural,Home Department - Police,Lodhika,IP PTZ,Dahua,Government,22.133967,70.632664,Cloud,15,2020,Active,TRUE
CAM01492,Rajkot Rural,Home Department - Police,Mahila,IP Dome,Bosch,Government,21.978324,70.812448,Cloud,30,2024,Active,TRUE
CAM01493,Rajkot Rural,Home Department - Police,Mahila,IP PTZ,Honeywell,Government,21.977729,70.811153,Cloud,30,2021,Active,TRUE
CAM01494,Rajkot Rural,Home Department - Police,Mahila,IP Dome,Honeywell,Government,21.977612,70.812192,Cloud,7,2017,Maintenance,TRUE
CAM01495,Rajkot Rural,Home Department - Police,Paddhari,IP PTZ,Honeywell,Government,22.435655,70.602155,Cloud,7,2025,Maintenance,TRUE
CAM01496,Rajkot Rural,Home Department - Police,Paddhari,IP Bullet,Hikvision,Government,22.435659,70.602462,Local NVR,30,2021,Offline,TRUE
CAM01497,Rajkot Rural,Home Department - Police,Paddhari,IP Bullet,Honeywell,Government,22.436283,70.60347,Local NVR,30,2020,Maintenance,TRUE
CAM01498,Rajkot Rural,Home Department - Police,Paddhari,IP PTZ,Bosch,Government,22.435768,70.603075,Cloud,7,2021,Maintenance,TRUE
CAM01499,Rajkot Rural,Home Department - Police,Patanvav,IP Bullet,Honeywell,Government,21.642648,70.261382,Cloud,7,2016,Active,TRUE
CAM01500,Rajkot Rural,Home Department - Police,Patanvav,IP PTZ,Bosch,Government,21.643296,70.262902,Cloud,30,2016,Offline,TRUE
CAM01501,Rajkot Rural,Home Department - Police,Patanvav,IP PTZ,Bosch,Government,21.643385,70.262501,Cloud,15,2024,Active,TRUE
CAM01502,Rajkot Rural,Home Department - Police,Patanvav,Analog Dome,Dahua,Government,21.643292,70.261683,Local NVR,30,2020,Active,TRUE
CAM01503,Rajkot Rural,Home Department - Police,Upleta,Analog PTZ,Honeywell,Government,21.747084,70.275743,Local NVR,15,2025,Maintenance,TRUE
CAM01504,Rajkot Rural,Home Department - Police,Upleta,IP Bullet,Honeywell,Government,21.746941,70.275104,Local NVR,7,2018,Active,TRUE
CAM01505,Rajkot Rural,Home Department - Police,Vinchhiya,Analog PTZ,CP Plus,Government,22.205037,71.383866,Cloud,30,2016,Active,TRUE
CAM01506,Rajkot Rural,Home Department - Police,Vinchhiya,Analog Dome,Bosch,Government,22.205682,71.383615,Cloud,7,2016,Active,TRUE
CAM01507,Rajkot Rural,Home Department - Police,Vinchhiya,IP Dome,CP Plus,Government,22.205859,71.384609,Local NVR,15,2021,Maintenance,TRUE
CAM01508,Rajkot Rural,Home Department - Police,Virpur,Analog PTZ,Honeywell,Government,21.84394,70.694033,Cloud,7,2022,Offline,TRUE
CAM01509,Rajkot Rural,Home Department - Police,Virpur,IP Bullet,Dahua,Government,21.842901,70.694687,Cloud,7,2020,Offline,TRUE
CAM01510,Rajkot Rural,Home Department - Police,Virpur,Analog Dome,Honeywell,Government,21.843684,70.694751,Local NVR,30,2021,Offline,TRUE
CAM01511,Rajkot Rural,Home Department - Police,Virpur,IP Dome,CP Plus,Government,21.84383,70.694224,Cloud,7,2018,Offline,TRUE
CAM01512,Rajkot Rural,Home Department - Police,Shapar Veraval,Analog PTZ,Hikvision,Government,22.156472,70.791952,Cloud,7,2016,Offline,TRUE
CAM01513,Rajkot Rural,Home Department - Police,Shapar Veraval,Analog PTZ,Dahua,Government,22.157667,70.791862,Cloud,7,2023,Offline,TRUE
CAM01514,Rajkot Rural,Home Department - Police,Atkot,Analog PTZ,Dahua,Government,22.011445,71.145896,Local NVR,30,2023,Active,TRUE
CAM01515,Rajkot Rural,Home Department - Police,Atkot,Analog PTZ,CP Plus,Government,22.012356,71.146718,Local NVR,30,2018,Maintenance,TRUE
CAM01516,Rajkot Rural,Home Department - Police,Atkot,Analog Dome,Bosch,Government,22.011648,71.146622,Local NVR,7,2017,Active,TRUE
CAM01517,Sabarkantha,Home Department - Police,Gambhoi,IP PTZ,CP Plus,Government,23.602847,73.098259,Cloud,15,2021,Active,TRUE
CAM01518,Sabarkantha,Home Department - Police,Gambhoi,IP Bullet,Bosch,Government,23.601629,73.098218,Local NVR,30,2016,Active,TRUE
CAM01519,Sabarkantha,Home Department - Police,Gambhoi,Analog PTZ,Dahua,Government,23.601317,73.097431,Cloud,30,2017,Active,TRUE
CAM01520,Sabarkantha,Home Department - Police,Himatnagar Rural,IP Dome,Dahua,Government,23.620907,72.943096,Local NVR,30,2022,Active,TRUE
CAM01521,Sabarkantha,Home Department - Police,Himatnagar Rural,Analog Dome,Bosch,Government,23.62149,72.943423,Local NVR,7,2023,Maintenance,TRUE
CAM01522,Sabarkantha,Home Department - Police,Himatnagar A Div.,IP Dome,Dahua,Government,23.597065,72.967495,Cloud,30,2017,Active,TRUE
CAM01523,Sabarkantha,Home Department - Police,Himatnagar A Div.,IP Dome,Bosch,Government,23.59676,72.966462,Cloud,7,2018,Maintenance,TRUE
CAM01524,Sabarkantha,Home Department - Police,Himatnagar A Div.,Analog Dome,Dahua,Government,23.596637,72.966256,Cloud,30,2017,Offline,TRUE
CAM01525,Sabarkantha,Home Department - Police,Himatnagar A Div.,IP Bullet,Honeywell,Government,23.596817,72.966743,Local NVR,30,2021,Active,TRUE
CAM01526,Sabarkantha,Home Department - Police,Himatnagar B Div.,IP Dome,CP Plus,Government,23.596854,72.959133,Cloud,30,2016,Active,TRUE
CAM01527,Sabarkantha,Home Department - Police,Himatnagar B Div.,Analog Dome,CP Plus,Government,23.596279,72.958423,Local NVR,7,2020,Active,TRUE
CAM01528,Sabarkantha,Home Department - Police,Himatnagar B Div.,Analog PTZ,Bosch,Government,23.596688,72.958634,Cloud,30,2017,Maintenance,TRUE
CAM01529,Sabarkantha,Home Department - Police,Himatnagar B Div.,IP Dome,CP Plus,Government,23.596287,72.959277,Local NVR,30,2018,Active,TRUE
CAM01530,Sabarkantha,Home Department - Police,Idar,IP PTZ,Hikvision,Government,23.838183,73.003921,Cloud,15,2021,Active,TRUE
CAM01531,Sabarkantha,Home Department - Police,Idar,IP Dome,Bosch,Government,23.838108,73.004858,Local NVR,7,2020,Active,TRUE
CAM01532,Sabarkantha,Home Department - Police,Jadar,Analog PTZ,CP Plus,Government,23.745888,72.935829,Cloud,15,2019,Active,TRUE
CAM01533,Sabarkantha,Home Department - Police,Jadar,Analog PTZ,Honeywell,Government,23.746127,72.93556,Local NVR,15,2023,Offline,TRUE
CAM01534,Sabarkantha,Home Department - Police,Khedbrahma,IP Dome,Honeywell,Government,24.025451,73.046121,Local NVR,7,2018,Offline,TRUE
CAM01535,Sabarkantha,Home Department - Police,Khedbrahma,Analog PTZ,Dahua,Government,24.024982,73.046673,Cloud,15,2022,Offline,TRUE
CAM01536,Sabarkantha,Home Department - Police,Khedbrahma,IP Dome,Honeywell,Government,24.024951,73.046222,Cloud,15,2020,Active,TRUE
CAM01537,Sabarkantha,Home Department - Police,Kheroj,IP Bullet,Bosch,Government,24.228899,73.010594,Cloud,15,2024,Offline,TRUE
CAM01538,Sabarkantha,Home Department - Police,Kheroj,IP Dome,Dahua,Government,24.22901,73.00995,Cloud,30,2025,Active,TRUE
CAM01539,Sabarkantha,Home Department - Police,Kheroj,IP PTZ,Dahua,Government,24.229994,73.008949,Local NVR,30,2022,Active,TRUE
CAM01540,Sabarkantha,Home Department - Police,Mahila,Analog Dome,CP Plus,Government,23.597513,72.958164,Cloud,15,2023,Offline,TRUE
CAM01541,Sabarkantha,Home Department - Police,Mahila,IP PTZ,Bosch,Government,23.596691,72.95865,Cloud,15,2022,Active,TRUE
CAM01542,Sabarkantha,Home Department - Police,Poshina,IP Dome,CP Plus,Government,24.367029,73.031283,Cloud,15,2020,Maintenance,TRUE
CAM01543,Sabarkantha,Home Department - Police,Poshina,Analog Dome,Hikvision,Government,24.367814,73.031779,Cloud,30,2022,Active,TRUE
CAM01544,Sabarkantha,Home Department - Police,Poshina,IP Bullet,Honeywell,Government,24.368081,73.031658,Cloud,7,2024,Active,TRUE
CAM01545,Sabarkantha,Home Department - Police,Poshina,Analog PTZ,CP Plus,Government,24.36784,73.030159,Local NVR,15,2017,Maintenance,TRUE
CAM01546,Sabarkantha,Home Department - Police,Prantij,IP Bullet,Dahua,Government,23.443906,72.853704,Local NVR,7,2019,Active,TRUE
CAM01547,Sabarkantha,Home Department - Police,Prantij,IP Bullet,CP Plus,Government,23.443502,72.852885,Local NVR,7,2017,Maintenance,TRUE
CAM01548,Sabarkantha,Home Department - Police,Talod,IP Bullet,Bosch,Government,23.935454,73.038249,Local NVR,15,2022,Active,TRUE
CAM01549,Sabarkantha,Home Department - Police,Talod,Analog PTZ,CP Plus,Government,23.936208,73.037574,Local NVR,15,2018,Active,TRUE
CAM01550,Sabarkantha,Home Department - Police,Vadali,Analog Dome,Hikvision,Government,23.938367,73.038453,Local NVR,15,2022,Offline,TRUE
CAM01551,Sabarkantha,Home Department - Police,Vadali,IP Bullet,Dahua,Government,23.9371,73.039283,Local NVR,15,2018,Offline,TRUE
CAM01552,Sabarkantha,Home Department - Police,Vadali,IP Dome,CP Plus,Government,23.938534,73.038788,Cloud,15,2022,Active,TRUE
CAM01553,Sabarkantha,Home Department - Police,Vadali,Analog PTZ,Bosch,Government,23.937132,73.038232,Cloud,15,2017,Active,TRUE
CAM01554,Sabarkantha,Home Department - Police,Vijaynagar,IP Dome,Dahua,Government,24.005413,73.362015,Local NVR,7,2023,Active,TRUE
CAM01555,Sabarkantha,Home Department - Police,Vijaynagar,IP PTZ,Hikvision,Government,24.00557,73.361731,Local NVR,30,2017,Active,TRUE
CAM01556,Sabarkantha,Home Department - Police,Vijaynagar,IP Bullet,Dahua,Government,24.006034,73.361528,Cloud,30,2016,Offline,TRUE
CAM01557,Sabarkantha,Home Department - Police,Chithoda,IP PTZ,Hikvision,Government,23.907488,73.323634,Local NVR,15,2022,Active,TRUE
CAM01558,Sabarkantha,Home Department - Police,Chithoda,Analog Dome,Dahua,Government,23.907589,73.323822,Local NVR,30,2023,Active,TRUE
CAM01559,Sabarkantha,Home Department - Police,Chithoda,IP Bullet,Bosch,Government,23.907773,73.325362,Local NVR,30,2017,Active,TRUE
CAM01560,Surat City,Home Department - Police,Adajan,Analog PTZ,CP Plus,Government,21.19781,72.791033,Local NVR,15,2025,Active,TRUE
CAM01561,Surat City,Home Department - Police,Adajan,IP PTZ,Dahua,Government,21.198634,72.789398,Cloud,30,2023,Active,TRUE
CAM01562,Surat City,Home Department - Police,Amroli,Analog Dome,Dahua,Government,21.247336,72.852105,Cloud,15,2016,Active,TRUE
CAM01563,Surat City,Home Department - Police,Amroli,IP Dome,Honeywell,Government,21.247321,72.851694,Cloud,15,2020,Active,TRUE
CAM01564,Surat City,Home Department - Police,Amroli,IP Dome,Honeywell,Government,21.247526,72.851603,Cloud,7,2018,Active,TRUE
CAM01565,Surat City,Home Department - Police,Athwalines,IP PTZ,Honeywell,Government,21.195611,72.820628,Cloud,30,2021,Offline,TRUE
CAM01566,Surat City,Home Department - Police,Athwalines,Analog PTZ,Hikvision,Government,21.195747,72.819094,Cloud,30,2021,Active,TRUE
CAM01567,Surat City,Home Department - Police,Athwalines,Analog PTZ,Dahua,Government,21.19541,72.820785,Local NVR,15,2017,Active,TRUE
CAM01568,Surat City,Home Department - Police,Athwalines,IP PTZ,Hikvision,Government,21.195054,72.820365,Cloud,30,2017,Active,TRUE
CAM01569,Surat City,Home Department - Police,Chowk Bazar,IP Dome,Dahua,Government,21.204266,72.827498,Local NVR,7,2019,Maintenance,TRUE
CAM01570,Surat City,Home Department - Police,Chowk Bazar,Analog PTZ,Honeywell,Government,21.203653,72.827768,Cloud,30,2018,Maintenance,TRUE
CAM01571,Surat City,Home Department - Police,Chowk Bazar,IP Dome,Bosch,Government,21.204796,72.827749,Cloud,7,2020,Maintenance,TRUE
CAM01572,Surat City,Home Department - Police,Dindoli,Analog PTZ,Hikvision,Government,21.154399,72.868874,Cloud,7,2025,Active,TRUE
CAM01573,Surat City,Home Department - Police,Dindoli,Analog PTZ,Honeywell,Government,21.155441,72.868791,Local NVR,30,2025,Maintenance,TRUE
CAM01574,Surat City,Home Department - Police,Dindoli,IP PTZ,Honeywell,Government,21.155308,72.868985,Cloud,15,2022,Active,TRUE
CAM01575,Surat City,Home Department - Police,Dindoli,IP PTZ,Bosch,Government,21.15474,72.869874,Cloud,30,2018,Active,TRUE
CAM01576,Surat City,Home Department - Police,Dumas,IP Dome,Bosch,Government,21.094027,72.707545,Local NVR,7,2025,Active,TRUE
CAM01577,Surat City,Home Department - Police,Dumas,Analog PTZ,Dahua,Government,21.094671,72.707773,Local NVR,30,2020,Maintenance,TRUE
CAM01578,Surat City,Home Department - Police,Dumas,Analog Dome,Dahua,Government,21.093378,72.707945,Local NVR,15,2018,Active,TRUE
CAM01579,Surat City,Home Department - Police,Dumas,IP Bullet,Bosch,Government,21.094677,72.707331,Cloud,15,2023,Offline,TRUE
CAM01580,Surat City,Home Department - Police,Hajira,Analog Dome,Dahua,Government,21.146094,72.660005,Cloud,7,2017,Maintenance,TRUE
CAM01581,Surat City,Home Department - Police,Hajira,IP PTZ,Honeywell,Government,21.146909,72.660246,Local NVR,15,2019,Active,TRUE
CAM01582,Surat City,Home Department - Police,Ichchhapor,Analog Dome,Honeywell,Government,21.18523,72.710914,Local NVR,7,2021,Maintenance,TRUE
CAM01583,Surat City,Home Department - Police,Ichchhapor,IP Bullet,CP Plus,Government,21.185931,72.710156,Local NVR,15,2023,Active,TRUE
CAM01584,Surat City,Home Department - Police,Ichchhapor,IP Bullet,Hikvision,Government,21.185999,72.709922,Local NVR,30,2023,Maintenance,TRUE
CAM01585,Surat City,Home Department - Police,Ichchhapor,Analog Dome,CP Plus,Government,21.186794,72.71006,Cloud,30,2016,Offline,TRUE
CAM01586,Surat City,Home Department - Police,Jahangirpura,IP Dome,Dahua,Government,21.223332,72.791713,Cloud,7,2022,Offline,TRUE
CAM01587,Surat City,Home Department - Police,Jahangirpura,IP Dome,Honeywell,Government,21.22266,72.791866,Local NVR,30,2021,Offline,TRUE
CAM01588,Surat City,Home Department - Police,Jahangirpura,IP PTZ,Dahua,Government,21.223088,72.792165,Cloud,7,2018,Maintenance,TRUE
CAM01589,Surat City,Home Department - Police,Jahangirpura,IP Bullet,Dahua,Government,21.223221,72.792292,Cloud,7,2021,Active,TRUE
CAM01590,Surat City,Home Department - Police,Kapodra,IP PTZ,CP Plus,Government,21.220515,72.875078,Cloud,15,2025,Offline,TRUE
CAM01591,Surat City,Home Department - Police,Kapodra,IP Bullet,CP Plus,Government,21.220839,72.876084,Local NVR,30,2021,Active,TRUE
CAM01592,Surat City,Home Department - Police,Kapodra,Analog Dome,Bosch,Government,21.219697,72.874695,Local NVR,7,2022,Maintenance,TRUE
CAM01593,Surat City,Home Department - Police,Kapodra,IP Dome,Honeywell,Government,21.221409,72.876227,Cloud,15,2024,Maintenance,TRUE
CAM01594,Surat City,Home Department - Police,Katargam,Analog PTZ,Bosch,Government,21.222406,72.833701,Local NVR,15,2016,Active,TRUE
CAM01595,Surat City,Home Department - Police,Katargam,IP Dome,CP Plus,Government,21.222485,72.833765,Local NVR,15,2025,Active,TRUE
CAM01596,Surat City,Home Department - Police,Katargam,IP Bullet,Dahua,Government,21.222554,72.832678,Cloud,15,2023,Active,TRUE
CAM01597,Surat City,Home Department - Police,Katargam,Analog PTZ,Dahua,Government,21.223123,72.833516,Local NVR,30,2019,Maintenance,TRUE
CAM01598,Surat City,Home Department - Police,Khatodara,Analog PTZ,Honeywell,Government,21.17708,72.832087,Cloud,7,2025,Active,TRUE
CAM01599,Surat City,Home Department - Police,Khatodara,Analog Dome,Dahua,Government,21.176602,72.830875,Local NVR,15,2021,Active,TRUE
CAM01600,Surat City,Home Department - Police,Khatodara,Analog PTZ,CP Plus,Government,21.176685,72.831377,Cloud,7,2023,Offline,TRUE
CAM01601,Surat City,Home Department - Police,Limbayat,IP Dome,CP Plus,Government,21.176624,72.856662,Local NVR,7,2019,Offline,TRUE
CAM01602,Surat City,Home Department - Police,Limbayat,Analog Dome,Bosch,Government,21.1751,72.856854,Local NVR,30,2024,Active,TRUE
CAM01603,Surat City,Home Department - Police,Limbayat,Analog Dome,Dahua,Government,21.176828,72.857358,Local NVR,15,2025,Maintenance,TRUE
CAM01604,Surat City,Home Department - Police,Mahidharpura,IP PTZ,Bosch,Government,21.19774,72.833856,Cloud,30,2018,Active,TRUE
CAM01605,Surat City,Home Department - Police,Mahidharpura,IP Bullet,Dahua,Government,21.198052,72.833468,Cloud,30,2019,Active,TRUE
CAM01606,Surat City,Home Department - Police,Mahidharpura,Analog Dome,CP Plus,Government,21.198078,72.833738,Cloud,15,2016,Active,TRUE
CAM01607,Surat City,Home Department - Police,Mahidharpura,Analog Dome,Hikvision,Government,21.198153,72.833089,Local NVR,30,2021,Offline,TRUE
CAM01608,Surat City,Home Department - Police,Mahila,IP PTZ,Honeywell,Government,21.179163,72.802968,Cloud,7,2016,Active,TRUE
CAM01609,Surat City,Home Department - Police,Mahila,IP Bullet,Bosch,Government,21.17963,72.803154,Cloud,7,2019,Offline,TRUE
CAM01610,Surat City,Home Department - Police,Mahila,IP Dome,CP Plus,Government,21.178673,72.803324,Local NVR,7,2019,Active,TRUE
CAM01611,Surat City,Home Department - Police,Mahila,IP PTZ,Bosch,Government,21.178605,72.803879,Cloud,30,2025,Active,TRUE
CAM01612,Surat City,Home Department - Police,Marin (Hajira),IP Dome,Bosch,Government,21.097058,72.650025,Cloud,15,2023,Active,TRUE
CAM01613,Surat City,Home Department - Police,Marin (Hajira),IP PTZ,Dahua,Government,21.095816,72.650955,Cloud,30,2025,Maintenance,TRUE
CAM01614,Surat City,Home Department - Police,Marin (Hajira),IP Bullet,Honeywell,Government,21.097186,72.650095,Local NVR,7,2023,Active,TRUE
CAM01615,Surat City,Home Department - Police,Pandesara,Analog PTZ,Honeywell,Government,21.142091,72.839992,Local NVR,30,2018,Active,TRUE
CAM01616,Surat City,Home Department - Police,Pandesara,IP Bullet,Dahua,Government,21.142722,72.839644,Local NVR,30,2024,Offline,TRUE
CAM01617,Surat City,Home Department - Police,Pandesara,IP Bullet,Bosch,Government,21.141915,72.840232,Cloud,15,2017,Offline,TRUE
CAM01618,Surat City,Home Department - Police,Puna,Analog PTZ,Hikvision,Government,21.189206,72.871458,Local NVR,15,2022,Offline,TRUE
CAM01619,Surat City,Home Department - Police,Puna,IP Bullet,CP Plus,Government,21.189795,72.871484,Local NVR,30,2017,Active,TRUE
CAM01620,Surat City,Home Department - Police,Puna,Analog PTZ,Honeywell,Government,21.18889,72.872091,Cloud,30,2017,Active,TRUE
CAM01621,Surat City,Home Department - Police,Rander,IP Bullet,Honeywell,Government,21.217787,72.79509,Cloud,15,2018,Offline,TRUE
CAM01622,Surat City,Home Department - Police,Rander,Analog PTZ,CP Plus,Government,21.219272,72.794886,Local NVR,15,2022,Active,TRUE
CAM01623,Surat City,Home Department - Police,Rander,Analog PTZ,Bosch,Government,21.218173,72.794261,Local NVR,15,2021,Offline,TRUE
CAM01624,Surat City,Home Department - Police,Sachin,IP Dome,Bosch,Government,21.087462,72.880729,Local NVR,30,2022,Active,TRUE
CAM01625,Surat City,Home Department - Police,Sachin,IP Bullet,CP Plus,Government,21.087844,72.8821,Local NVR,15,2016,Active,TRUE
CAM01626,Surat City,Home Department - Police,Sachin,Analog PTZ,Honeywell,Government,21.086132,72.881488,Cloud,7,2022,Offline,TRUE
CAM01627,Surat City,Home Department - Police,Sachin GIDC,IP Bullet,CP Plus,Government,21.100372,72.864534,Local NVR,30,2017,Maintenance,TRUE
CAM01628,Surat City,Home Department - Police,Sachin GIDC,IP PTZ,Bosch,Government,21.101275,72.865108,Cloud,15,2016,Offline,TRUE
CAM01629,Surat City,Home Department - Police,Sachin GIDC,Analog PTZ,Dahua,Government,21.100635,72.864148,Local NVR,15,2016,Active,TRUE
CAM01630,Surat City,Home Department - Police,Sachin GIDC,Analog PTZ,Bosch,Government,21.09978,72.864283,Cloud,7,2017,Offline,TRUE
CAM01631,Surat City,Home Department - Police,Salabatpura,IP Bullet,Dahua,Government,21.191232,72.836619,Local NVR,30,2023,Offline,TRUE
CAM01632,Surat City,Home Department - Police,Salabatpura,IP Dome,Dahua,Government,21.19167,72.836849,Local NVR,15,2018,Active,TRUE
CAM01633,Surat City,Home Department - Police,Salabatpura,Analog PTZ,Dahua,Government,21.19053,72.836451,Cloud,30,2023,Active,TRUE
CAM01634,Surat City,Home Department - Police,Sarthana,IP Dome,Bosch,Government,21.222407,72.904181,Local NVR,15,2018,Maintenance,TRUE
CAM01635,Surat City,Home Department - Police,Sarthana,Analog Dome,Dahua,Government,21.222757,72.903999,Cloud,30,2016,Maintenance,TRUE
CAM01636,Surat City,Home Department - Police,Sarthana,Analog Dome,Bosch,Government,21.223112,72.90423,Local NVR,30,2021,Active,TRUE
CAM01637,Surat City,Home Department - Police,Udhana,Analog Dome,Hikvision,Government,21.164692,72.85009,Cloud,30,2017,Active,TRUE
CAM01638,Surat City,Home Department - Police,Udhana,IP Dome,Bosch,Government,21.165604,72.850797,Local NVR,15,2019,Maintenance,TRUE
CAM01639,Surat City,Home Department - Police,Udhana,Analog PTZ,Hikvision,Government,21.166172,72.851744,Cloud,30,2018,Offline,TRUE
CAM01640,Surat City,Home Department - Police,Udhana,IP Dome,Bosch,Government,21.165183,72.850904,Local NVR,7,2022,Offline,TRUE
CAM01641,Surat City,Home Department - Police,Umara,IP Bullet,Dahua,Government,21.178229,72.80323,Cloud,30,2022,Active,TRUE
CAM01642,Surat City,Home Department - Police,Umara,Analog Dome,Dahua,Government,21.179153,72.804002,Cloud,7,2019,Active,TRUE
CAM01643,Surat City,Home Department - Police,Umara,Analog Dome,Honeywell,Government,21.178566,72.803152,Cloud,7,2016,Offline,TRUE
CAM01644,Surat City,Home Department - Police,Varachha,IP Bullet,CP Plus,Government,21.210168,72.849257,Cloud,15,2021,Active,TRUE
CAM01645,Surat City,Home Department - Police,Varachha,Analog PTZ,Hikvision,Government,21.209214,72.849156,Cloud,15,2019,Active,TRUE
CAM01646,Surat City,Home Department - Police,Varachha,IP Bullet,Bosch,Government,21.209951,72.849343,Cloud,15,2023,Maintenance,TRUE
CAM01647,Surat City,Home Department - Police,Lalget,IP Dome,Hikvision,Government,21.197855,72.823287,Cloud,30,2025,Offline,TRUE
CAM01648,Surat City,Home Department - Police,Lalget,IP Dome,Bosch,Government,21.198801,72.822118,Local NVR,30,2019,Active,TRUE
CAM01649,Surat City,Home Department - Police,Lalget,Analog Dome,Dahua,Government,21.198244,72.822278,Local NVR,15,2017,Offline,TRUE
CAM01650,Surat City,Home Department - Police,DCB,IP PTZ,Bosch,Government,21.19905,72.81845,Cloud,15,2022,Active,TRUE
CAM01651,Surat City,Home Department - Police,DCB,Analog PTZ,CP Plus,Government,21.199051,72.819927,Cloud,30,2022,Maintenance,TRUE
CAM01652,Surat Rural,Home Department - Police,Bardoli,IP Dome,CP Plus,Government,21.11588,73.112618,Cloud,7,2021,Offline,TRUE
CAM01653,Surat Rural,Home Department - Police,Bardoli,IP PTZ,Hikvision,Government,21.115868,73.111816,Cloud,30,2018,Active,TRUE
CAM01654,Surat Rural,Home Department - Police,Bardoli,Analog Dome,Bosch,Government,21.11741,73.112072,Cloud,15,2021,Active,TRUE
CAM01655,Surat Rural,Home Department - Police,Kadodara GIDC,Analog PTZ,Hikvision,Government,21.171786,72.9639,Cloud,7,2018,Maintenance,TRUE
CAM01656,Surat Rural,Home Department - Police,Kadodara GIDC,Analog PTZ,Honeywell,Government,21.170468,72.962889,Local NVR,7,2021,Active,TRUE
CAM01657,Surat Rural,Home Department - Police,Kamrej,IP PTZ,Hikvision,Government,21.268546,72.958181,Local NVR,30,2018,Offline,TRUE
CAM01658,Surat Rural,Home Department - Police,Kamrej,IP Bullet,Hikvision,Government,21.268801,72.957514,Local NVR,7,2021,Active,TRUE
CAM01659,Surat Rural,Home Department - Police,Kamrej,Analog Dome,Bosch,Government,21.270239,72.95817,Cloud,30,2022,Active,TRUE
CAM01660,Surat Rural,Home Department - Police,Kosamba,IP Bullet,Dahua,Government,21.46379,72.954696,Local NVR,30,2020,Active,TRUE
CAM01661,Surat Rural,Home Department - Police,Kosamba,IP Bullet,CP Plus,Government,21.463793,72.954425,Cloud,30,2025,Active,TRUE
CAM01662,Surat Rural,Home Department - Police,Kosamba,IP Dome,Bosch,Government,21.464383,72.953334,Local NVR,30,2017,Active,TRUE
CAM01663,Surat Rural,Home Department - Police,Mahila,Analog PTZ,Bosch,Government,21.182048,72.803896,Local NVR,7,2020,Active,TRUE
CAM01664,Surat Rural,Home Department - Police,Mahila,IP Dome,Bosch,Government,21.182401,72.804754,Cloud,7,2025,Active,TRUE
CAM01665,Surat Rural,Home Department - Police,Mahuva,IP Bullet,Bosch,Government,21.09159,71.768406,Local NVR,7,2019,Offline,TRUE
CAM01666,Surat Rural,Home Department - Police,Mahuva,Analog Dome,Bosch,Government,21.092198,71.769889,Local NVR,7,2019,Maintenance,TRUE
CAM01667,Surat Rural,Home Department - Police,Mandvi,Analog Dome,Dahua,Government,21.249747,73.300833,Local NVR,7,2020,Active,TRUE
CAM01668,Surat Rural,Home Department - Police,Mandvi,IP PTZ,Hikvision,Government,21.249888,73.301611,Local NVR,30,2024,Active,TRUE
CAM01669,Surat Rural,Home Department - Police,Mandvi,Analog Dome,CP Plus,Government,21.249388,73.300699,Cloud,7,2016,Maintenance,TRUE
CAM01670,Surat Rural,Home Department - Police,Mandvi,IP Bullet,Dahua,Government,21.250768,73.300257,Local NVR,15,2020,Maintenance,TRUE
CAM01671,Surat Rural,Home Department - Police,Mangrol,IP Bullet,Bosch,Government,21.125926,70.119653,Cloud,7,2024,Active,TRUE
CAM01672,Surat Rural,Home Department - Police,Mangrol,Analog Dome,Honeywell,Government,21.125551,70.119862,Cloud,30,2021,Offline,TRUE
CAM01673,Surat Rural,Home Department - Police,Mangrol,Analog Dome,CP Plus,Government,21.125099,70.120944,Cloud,15,2021,Active,TRUE
CAM01674,Surat Rural,Home Department - Police,Mangrol,IP Bullet,CP Plus,Government,21.124334,70.119802,Local NVR,7,2025,Active,TRUE
CAM01675,Surat Rural,Home Department - Police,Olpad,IP PTZ,Honeywell,Government,21.338115,72.752058,Local NVR,15,2020,Maintenance,TRUE
CAM01676,Surat Rural,Home Department - Police,Olpad,IP Dome,Hikvision,Government,21.336968,72.751649,Local NVR,30,2020,Offline,TRUE
CAM01677,Surat Rural,Home Department - Police,Palsana,Analog Dome,Hikvision,Government,21.085953,72.988571,Cloud,15,2025,Active,TRUE
CAM01678,Surat Rural,Home Department - Police,Palsana,IP PTZ,CP Plus,Government,21.085651,72.98839,Local NVR,15,2019,Offline,TRUE
CAM01679,Surat Rural,Home Department - Police,Palsana,IP Bullet,Dahua,Government,21.08574,72.988412,Cloud,15,2017,Active,TRUE
CAM01680,Surat Rural,Home Department - Police,Palsana,IP Bullet,Bosch,Government,21.086699,72.987965,Cloud,30,2018,Active,TRUE
CAM01681,Surat Rural,Home Department - Police,Umarpada,Analog Dome,Hikvision,Government,21.447894,73.490703,Local NVR,7,2020,Maintenance,TRUE
CAM01682,Surat Rural,Home Department - Police,Umarpada,IP PTZ,CP Plus,Government,21.448413,73.490717,Cloud,30,2025,Active,TRUE
CAM01683,Surat Rural,Home Department - Police,Umarpada,IP PTZ,Dahua,Government,21.44945,73.492201,Cloud,30,2016,Maintenance,TRUE
CAM01684,Surat Rural,Home Department - Police,Kim,Analog PTZ,CP Plus,Government,21.401687,72.924463,Cloud,7,2023,Offline,TRUE
CAM01685,Surat Rural,Home Department - Police,Kim,IP PTZ,Bosch,Government,21.402362,72.924443,Local NVR,7,2019,Active,TRUE
CAM01686,Surat Rural,Home Department - Police,Kim,Analog PTZ,Honeywell,Government,21.402191,72.92339,Local NVR,15,2020,Active,TRUE
CAM01687,Surendranagar,Home Department - Police,Dhajala,IP Bullet,Honeywell,Government,22.371786,71.412815,Local NVR,7,2023,Offline,TRUE
CAM01688,Surendranagar,Home Department - Police,Dhajala,Analog Dome,Honeywell,Government,22.372417,71.413111,Local NVR,30,2023,Offline,TRUE
CAM01689,Surendranagar,Home Department - Police,Dhajala,Analog Dome,Hikvision,Government,22.373203,71.413835,Cloud,30,2016,Active,TRUE
CAM01690,Surendranagar,Home Department - Police,Chotila,Analog Dome,Bosch,Government,22.42458,71.2003,Local NVR,30,2025,Active,TRUE
CAM01691,Surendranagar,Home Department - Police,Chotila,Analog Dome,Honeywell,Government,22.423465,71.201289,Cloud,15,2023,Maintenance,TRUE
CAM01692,Surendranagar,Home Department - Police,Chuda,IP Dome,Dahua,Government,22.485131,71.696501,Cloud,15,2018,Maintenance,TRUE
CAM01693,Surendranagar,Home Department - Police,Chuda,Analog PTZ,Dahua,Government,22.484939,71.697424,Local NVR,7,2020,Active,TRUE
CAM01694,Surendranagar,Home Department - Police,Chuda,Analog PTZ,CP Plus,Government,22.484299,71.696198,Cloud,30,2023,Offline,TRUE
CAM01695,Surendranagar,Home Department - Police,Chuda,IP Bullet,Bosch,Government,22.484663,71.697445,Cloud,15,2021,Active,TRUE
CAM01696,Surendranagar,Home Department - Police,Dasada,Analog PTZ,Dahua,Government,23.321149,71.824399,Cloud,30,2019,Active,TRUE
CAM01697,Surendranagar,Home Department - Police,Dasada,IP Bullet,Bosch,Government,23.321331,71.823513,Cloud,15,2023,Maintenance,TRUE
CAM01698,Surendranagar,Home Department - Police,Dasada,IP Bullet,CP Plus,Government,23.320811,71.824401,Local NVR,7,2021,Active,TRUE
CAM01699,Surendranagar,Home Department - Police,Dasada,Analog Dome,Dahua,Government,23.320522,71.823509,Cloud,15,2024,Offline,TRUE
CAM01700,Surendranagar,Home Department - Police,Dhrangadhra City,IP PTZ,Dahua,Government,22.995575,71.469766,Cloud,30,2025,Active,TRUE
CAM01701,Surendranagar,Home Department - Police,Dhrangadhra City,IP Dome,Dahua,Government,22.996397,71.470312,Cloud,15,2022,Active,TRUE
CAM01702,Surendranagar,Home Department - Police,Dhrangadhra City,IP Bullet,Dahua,Government,22.996235,71.469671,Cloud,15,2024,Active,TRUE
CAM01703,Surendranagar,Home Department - Police,Dhrangadhra City,IP Bullet,Bosch,Government,22.996938,71.471368,Cloud,7,2019,Active,TRUE
CAM01704,Surendranagar,Home Department - Police,Dhrangadhra Taluka,IP PTZ,Bosch,Government,22.99606,71.468845,Local NVR,30,2025,Offline,TRUE
CAM01705,Surendranagar,Home Department - Police,Dhrangadhra Taluka,Analog Dome,Honeywell,Government,22.997418,71.469154,Local NVR,30,2018,Offline,TRUE
CAM01706,Surendranagar,Home Department - Police,Dhrangadhra Taluka,Analog PTZ,Dahua,Government,22.99722,71.47057,Local NVR,15,2020,Active,TRUE
CAM01707,Surendranagar,Home Department - Police,Joravarnagar,Analog PTZ,CP Plus,Government,22.718767,71.628083,Cloud,7,2018,Offline,TRUE
CAM01708,Surendranagar,Home Department - Police,Joravarnagar,Analog Dome,CP Plus,Government,22.719466,71.628404,Local NVR,30,2017,Offline,TRUE
CAM01709,Surendranagar,Home Department - Police,Lakhtar,IP PTZ,Honeywell,Government,22.859906,71.782774,Local NVR,15,2016,Offline,TRUE
CAM01710,Surendranagar,Home Department - Police,Lakhtar,IP Dome,Honeywell,Government,22.859853,71.783456,Local NVR,30,2018,Active,TRUE
CAM01711,Surendranagar,Home Department - Police,Limbdi,Analog PTZ,Hikvision,Government,22.571171,71.799633,Local NVR,30,2017,Active,TRUE
CAM01712,Surendranagar,Home Department - Police,Limbdi,IP PTZ,Bosch,Government,22.572018,71.799672,Cloud,15,2025,Active,TRUE
CAM01713,Surendranagar,Home Department - Police,Limbdi,Analog PTZ,CP Plus,Government,22.571504,71.79892,Local NVR,7,2020,Offline,TRUE
CAM01714,Surendranagar,Home Department - Police,Mahila,IP Dome,Dahua,Government,22.729853,71.621677,Cloud,7,2025,Offline,TRUE
CAM01715,Surendranagar,Home Department - Police,Mahila,IP Bullet,CP Plus,Government,22.728912,71.620869,Cloud,7,2018,Active,TRUE
CAM01716,Surendranagar,Home Department - Police,Mahila,Analog PTZ,Hikvision,Government,22.729966,71.621015,Cloud,15,2017,Offline,TRUE
CAM01717,Surendranagar,Home Department - Police,Mahila,IP PTZ,Bosch,Government,22.730059,71.621358,Cloud,15,2022,Active,TRUE
CAM01718,Surendranagar,Home Department - Police,Muli,Analog PTZ,Bosch,Government,22.636038,71.460336,Cloud,7,2022,Active,TRUE
CAM01719,Surendranagar,Home Department - Police,Muli,Analog PTZ,Bosch,Government,22.636201,71.460425,Cloud,30,2017,Active,TRUE
CAM01720,Surendranagar,Home Department - Police,Panshina,IP Dome,Dahua,Government,22.549034,71.969886,Cloud,7,2024,Active,TRUE
CAM01721,Surendranagar,Home Department - Police,Panshina,Analog PTZ,Bosch,Government,22.549185,71.970728,Local NVR,7,2016,Offline,TRUE
CAM01722,Surendranagar,Home Department - Police,Patadi,IP Bullet,Honeywell,Government,23.188746,71.7947,Local NVR,7,2018,Offline,TRUE
CAM01723,Surendranagar,Home Department - Police,Patadi,Analog Dome,Dahua,Government,23.188464,71.795196,Cloud,15,2018,Active,TRUE
CAM01724,Surendranagar,Home Department - Police,Patadi,IP Dome,Honeywell,Government,23.188984,71.796041,Cloud,30,2023,Active,TRUE
CAM01725,Surendranagar,Home Department - Police,Patadi,IP Dome,Dahua,Government,23.189524,71.795136,Cloud,30,2020,Offline,TRUE
CAM01726,Surendranagar,Home Department - Police,Sayla,IP Bullet,Honeywell,Government,22.538128,71.480895,Local NVR,15,2025,Offline,TRUE
CAM01727,Surendranagar,Home Department - Police,Sayla,Analog Dome,Hikvision,Government,22.538005,71.48141,Local NVR,7,2017,Active,TRUE
CAM01728,Surendranagar,Home Department - Police,Thangadh,IP PTZ,Hikvision,Government,22.571139,71.198807,Local NVR,7,2019,Maintenance,TRUE
CAM01729,Surendranagar,Home Department - Police,Thangadh,IP Dome,Honeywell,Government,22.572168,71.198972,Cloud,30,2025,Active,TRUE
CAM01730,Surendranagar,Home Department - Police,Vadhwan,IP PTZ,Honeywell,Government,22.705383,71.676327,Cloud,15,2024,Active,TRUE
CAM01731,Surendranagar,Home Department - Police,Vadhwan,IP PTZ,Bosch,Government,22.704614,71.676437,Local NVR,15,2020,Active,TRUE
CAM01732,Surendranagar,Home Department - Police,Vadhwan,Analog Dome,Bosch,Government,22.705253,71.675947,Local NVR,15,2021,Maintenance,TRUE
CAM01733,Surendranagar,Home Department - Police,Vadhwan,Analog Dome,Hikvision,Government,22.706156,71.67645,Cloud,7,2016,Active,TRUE
CAM01734,Surendranagar,Home Department - Police,Zinzuwada,Analog PTZ,Hikvision,Government,23.350461,71.655606,Cloud,7,2018,Active,TRUE
CAM01735,Surendranagar,Home Department - Police,Zinzuwada,IP Dome,Bosch,Government,23.349808,71.655211,Cloud,30,2024,Active,TRUE
CAM01736,Surendranagar,Home Department - Police,Zinzuwada,IP Dome,Bosch,Government,23.350341,71.654658,Cloud,7,2019,Active,TRUE
CAM01737,Surendranagar,Home Department - Police,Zinzuwada,Analog Dome,Honeywell,Government,23.349246,71.654944,Cloud,7,2019,Maintenance,TRUE
CAM01738,Surendranagar,Home Department - Police,urendranagar City A Di,IP Dome,CP Plus,Government,22.72603,71.627749,Local NVR,7,2020,Maintenance,TRUE
CAM01739,Surendranagar,Home Department - Police,urendranagar City A Di,IP Dome,CP Plus,Government,22.725897,71.628209,Cloud,30,2022,Active,TRUE
CAM01740,Surendranagar,Home Department - Police,urendranagar City B Di,Analog Dome,Dahua,Government,22.719455,71.660885,Cloud,30,2022,Active,TRUE
CAM01741,Surendranagar,Home Department - Police,urendranagar City B Di,IP PTZ,Dahua,Government,22.718989,71.659315,Cloud,15,2022,Active,TRUE
CAM01742,Surendranagar,Home Department - Police,urendranagar City B Di,IP Dome,Bosch,Government,22.719332,71.660425,Cloud,30,2022,Active,TRUE
CAM01743,Surendranagar,Home Department - Police,urendranagar City B Di,IP PTZ,Hikvision,Government,22.718379,71.659503,Cloud,30,2018,Active,TRUE
CAM01744,Surendranagar,Home Department - Police,Bajana,Analog PTZ,Honeywell,Government,23.064292,71.750037,Local NVR,15,2022,Offline,TRUE
CAM01745,Surendranagar,Home Department - Police,Bajana,IP Bullet,Hikvision,Government,23.063065,71.750945,Local NVR,7,2022,Active,TRUE
CAM01746,Surendranagar,Home Department - Police,Nani Moldi,IP Dome,CP Plus,Government,22.41515,71.128314,Cloud,15,2017,Active,TRUE
CAM01747,Surendranagar,Home Department - Police,Nani Moldi,IP Bullet,Bosch,Government,22.413508,71.128719,Local NVR,15,2017,Active,TRUE
CAM01748,Surendranagar,Home Department - Police,Nani Moldi,IP Bullet,CP Plus,Government,22.414154,71.128854,Local NVR,7,2024,Offline,TRUE
CAM01749,Surendranagar,Home Department - Police,Nani Moldi,IP Bullet,Dahua,Government,22.413384,71.127745,Local NVR,7,2020,Active,TRUE
CAM01750,Tapi,Home Department - Police,Kakrapar,IP Dome,CP Plus,Government,21.201643,73.41698,Cloud,30,2024,Active,TRUE
CAM01751,Tapi,Home Department - Police,Kakrapar,IP PTZ,Hikvision,Government,21.201564,73.416574,Cloud,30,2016,Offline,TRUE
CAM01752,Tapi,Home Department - Police,Kakrapar,Analog PTZ,Hikvision,Government,21.201477,73.415566,Cloud,30,2024,Active,TRUE
CAM01753,Tapi,Home Department - Police,Mahila,Analog PTZ,Dahua,Government,21.109671,73.386164,Cloud,7,2018,Active,TRUE
CAM01754,Tapi,Home Department - Police,Mahila,Analog Dome,Hikvision,Government,21.109971,73.386144,Local NVR,30,2016,Active,TRUE
CAM01755,Tapi,Home Department - Police,Mahila,Analog Dome,Honeywell,Government,21.110282,73.387505,Cloud,7,2016,Maintenance,TRUE
CAM01756,Tapi,Home Department - Police,Nizar,IP PTZ,Bosch,Government,21.477624,74.194604,Cloud,30,2025,Maintenance,TRUE
CAM01757,Tapi,Home Department - Police,Nizar,IP PTZ,CP Plus,Government,21.477566,74.194717,Local NVR,30,2023,Active,TRUE
CAM01758,Tapi,Home Department - Police,Nizar,IP PTZ,Dahua,Government,21.476866,74.194612,Cloud,15,2018,Active,TRUE
CAM01759,Tapi,Home Department - Police,Nizar,IP PTZ,Bosch,Government,21.47724,74.194636,Cloud,15,2016,Active,TRUE
CAM01760,Tapi,Home Department - Police,Songadh,IP PTZ,Bosch,Government,21.167289,73.562406,Local NVR,15,2022,Maintenance,TRUE
CAM01761,Tapi,Home Department - Police,Songadh,IP Bullet,Honeywell,Government,21.167488,73.561319,Cloud,7,2022,Active,TRUE
CAM01762,Tapi,Home Department - Police,Songadh,Analog PTZ,Bosch,Government,21.167937,73.561734,Local NVR,15,2025,Active,TRUE
CAM01763,Tapi,Home Department - Police,Songadh,Analog Dome,Bosch,Government,21.167038,73.560965,Local NVR,30,2017,Maintenance,TRUE
CAM01764,Tapi,Home Department - Police,Uchchhal,IP PTZ,Honeywell,Government,21.16794,73.768946,Local NVR,7,2018,Maintenance,TRUE
CAM01765,Tapi,Home Department - Police,Uchchhal,IP Bullet,Dahua,Government,21.167624,73.76871,Cloud,30,2025,Maintenance,TRUE
CAM01766,Tapi,Home Department - Police,Ukai,Analog PTZ,Bosch,Government,21.234586,73.577485,Cloud,30,2022,Active,TRUE
CAM01767,Tapi,Home Department - Police,Ukai,Analog Dome,Honeywell,Government,21.234552,73.578005,Cloud,30,2025,Active,TRUE
CAM01768,Tapi,Home Department - Police,Ukai,IP Dome,Dahua,Government,21.234596,73.577283,Cloud,15,2016,Active,TRUE
CAM01769,Tapi,Home Department - Police,Ukai,Analog PTZ,Hikvision,Government,21.233544,73.5774,Local NVR,30,2019,Active,TRUE
CAM01770,Tapi,Home Department - Police,Valod,IP Bullet,Dahua,Government,21.04878,73.262223,Local NVR,7,2021,Offline,TRUE
CAM01771,Tapi,Home Department - Police,Valod,IP PTZ,Hikvision,Government,21.04744,73.263004,Local NVR,7,2018,Offline,TRUE
CAM01772,Tapi,Home Department - Police,Valod,IP Bullet,Hikvision,Government,21.048146,73.262264,Cloud,15,2020,Active,TRUE
CAM01773,Tapi,Home Department - Police,Valod,IP PTZ,Bosch,Government,21.048512,73.261663,Local NVR,7,2022,Active,TRUE
CAM01774,Tapi,Home Department - Police,Vyara,Analog Dome,Honeywell,Government,21.110011,73.387874,Cloud,15,2023,Active,TRUE
CAM01775,Tapi,Home Department - Police,Vyara,Analog PTZ,Dahua,Government,21.110519,73.388106,Cloud,15,2025,Active,TRUE
CAM01776,Tapi,Home Department - Police,Vyara,IP Bullet,Hikvision,Government,21.109091,73.387525,Cloud,30,2022,Active,TRUE
CAM01777,Tapi,Home Department - Police,Vyara,Analog PTZ,Honeywell,Government,21.109298,73.387829,Local NVR,7,2017,Offline,TRUE
CAM01778,Tapi,Home Department - Police,Dolvan,IP Bullet,Honeywell,Government,20.901525,73.333627,Local NVR,30,2020,Active,TRUE
CAM01779,Tapi,Home Department - Police,Dolvan,IP Bullet,Dahua,Government,20.901654,73.334953,Local NVR,15,2016,Maintenance,TRUE
CAM01780,Tapi,Home Department - Police,Dolvan,IP Dome,Dahua,Government,20.901381,73.333814,Cloud,7,2023,Offline,TRUE
CAM01781,Tapi,Home Department - Police,Dolvan,IP PTZ,CP Plus,Government,20.900792,73.334356,Local NVR,15,2020,Maintenance,TRUE
CAM01782,Vadodara City,Home Department - Police,Chhani,Analog PTZ,Dahua,Government,22.364918,73.166915,Local NVR,15,2022,Active,TRUE
CAM01783,Vadodara City,Home Department - Police,Chhani,Analog Dome,CP Plus,Government,22.363904,73.167051,Local NVR,15,2020,Active,TRUE
CAM01784,Vadodara City,Home Department - Police,City,Analog PTZ,Honeywell,Government,22.301027,73.214466,Cloud,7,2017,Active,TRUE
CAM01785,Vadodara City,Home Department - Police,City,IP Bullet,Dahua,Government,22.300834,73.213005,Cloud,7,2017,Offline,TRUE
CAM01786,Vadodara City,Home Department - Police,Fategunj,IP Dome,Dahua,Government,22.336101,73.174244,Cloud,7,2016,Offline,TRUE
CAM01787,Vadodara City,Home Department - Police,Fategunj,Analog PTZ,Hikvision,Government,22.335826,73.174257,Cloud,7,2023,Active,TRUE
CAM01788,Vadodara City,Home Department - Police,Gorwa,IP Dome,Hikvision,Government,22.334371,73.157075,Cloud,15,2018,Active,TRUE
CAM01789,Vadodara City,Home Department - Police,Gorwa,Analog PTZ,Honeywell,Government,22.333097,73.156698,Cloud,15,2022,Active,TRUE
CAM01790,Vadodara City,Home Department - Police,Gotri,IP PTZ,Dahua,Government,22.311586,73.139368,Cloud,15,2018,Active,TRUE
CAM01791,Vadodara City,Home Department - Police,Gotri,Analog PTZ,CP Plus,Government,22.310722,73.138421,Cloud,30,2019,Active,TRUE
CAM01792,Vadodara City,Home Department - Police,Gotri,Analog PTZ,CP Plus,Government,22.311073,73.138414,Cloud,15,2018,Offline,TRUE
CAM01793,Vadodara City,Home Department - Police,Gotri,IP Bullet,Bosch,Government,22.310342,73.13902,Local NVR,15,2020,Active,TRUE
CAM01794,Vadodara City,Home Department - Police,J P Road,Analog PTZ,CP Plus,Government,22.287406,73.153593,Cloud,7,2020,Active,TRUE
CAM01795,Vadodara City,Home Department - Police,J P Road,Analog Dome,Bosch,Government,22.288282,73.153615,Cloud,30,2016,Maintenance,TRUE
CAM01796,Vadodara City,Home Department - Police,J P Road,Analog PTZ,Honeywell,Government,22.287415,73.15333,Local NVR,30,2017,Offline,TRUE
CAM01797,Vadodara City,Home Department - Police,J P Road,Analog PTZ,Bosch,Government,22.288614,73.152109,Local NVR,30,2020,Maintenance,TRUE
CAM01798,Vadodara City,Home Department - Police,Jawaharnagar,Analog Dome,CP Plus,Government,22.392238,73.122028,Cloud,30,2021,Active,TRUE
CAM01799,Vadodara City,Home Department - Police,Jawaharnagar,IP PTZ,Dahua,Government,22.391416,73.121289,Local NVR,15,2023,Maintenance,TRUE
CAM01800,Vadodara City,Home Department - Police,Jawaharnagar,IP PTZ,Hikvision,Government,22.392153,73.12091,Cloud,15,2022,Maintenance,TRUE
CAM01801,Vadodara City,Home Department - Police,Karelibaug,IP Bullet,CP Plus,Government,22.306559,73.204311,Cloud,7,2022,Active,TRUE
CAM01802,Vadodara City,Home Department - Police,Karelibaug,Analog PTZ,CP Plus,Government,22.30632,73.204503,Cloud,15,2020,Maintenance,TRUE
CAM01803,Vadodara City,Home Department - Police,Karelibaug,Analog PTZ,CP Plus,Government,22.306575,73.205147,Cloud,15,2024,Offline,TRUE
CAM01804,Vadodara City,Home Department - Police,Karelibaug,IP PTZ,Hikvision,Government,22.307593,73.204432,Local NVR,7,2018,Active,TRUE
CAM01805,Vadodara City,Home Department - Police,Bapod,IP Bullet,Honeywell,Government,22.305883,73.239382,Local NVR,7,2018,Maintenance,TRUE
CAM01806,Vadodara City,Home Department - Police,Bapod,Analog PTZ,Dahua,Government,22.305495,73.24001,Local NVR,30,2018,Active,TRUE
CAM01807,Vadodara City,Home Department - Police,Bapod,Analog PTZ,CP Plus,Government,22.30569,73.239241,Local NVR,30,2021,Maintenance,TRUE
CAM01808,Vadodara City,Home Department - Police,Mahila,IP Bullet,Dahua,Government,22.305362,73.20465,Cloud,15,2019,Maintenance,TRUE
CAM01809,Vadodara City,Home Department - Police,Mahila,Analog PTZ,CP Plus,Government,22.306746,73.204983,Cloud,15,2025,Offline,TRUE
CAM01810,Vadodara City,Home Department - Police,Makarpura,IP PTZ,Honeywell,Government,22.270952,73.203398,Local NVR,7,2019,Active,TRUE
CAM01811,Vadodara City,Home Department - Police,Makarpura,Analog Dome,Dahua,Government,22.270597,73.202473,Cloud,30,2018,Maintenance,TRUE
CAM01812,Vadodara City,Home Department - Police,Manjalpur,IP Dome,Bosch,Government,22.256462,73.181392,Local NVR,7,2020,Active,TRUE
CAM01813,Vadodara City,Home Department - Police,Manjalpur,IP PTZ,CP Plus,Government,22.256658,73.180443,Cloud,30,2016,Active,TRUE
CAM01814,Vadodara City,Home Department - Police,Manjalpur,Analog Dome,CP Plus,Government,22.255966,73.181273,Local NVR,15,2023,Maintenance,TRUE
CAM01815,Vadodara City,Home Department - Police,Navapura,Analog Dome,Honeywell,Government,22.289527,73.205499,Cloud,15,2019,Active,TRUE
CAM01816,Vadodara City,Home Department - Police,Navapura,Analog PTZ,CP Plus,Government,22.289762,73.204885,Local NVR,15,2024,Active,TRUE
CAM01817,Vadodara City,Home Department - Police,Navapura,IP Dome,Hikvision,Government,22.288975,73.204902,Local NVR,7,2020,Active,TRUE
CAM01818,Vadodara City,Home Department - Police,Panigate,IP PTZ,Honeywell,Government,22.300215,73.216416,Cloud,30,2023,Maintenance,TRUE
CAM01819,Vadodara City,Home Department - Police,Panigate,IP PTZ,Dahua,Government,22.300184,73.214823,Cloud,30,2020,Offline,TRUE
CAM01820,Vadodara City,Home Department - Police,Panigate,Analog PTZ,Hikvision,Government,22.299635,73.214922,Cloud,7,2018,Active,TRUE
CAM01821,Vadodara City,Home Department - Police,Ravpura,Analog Dome,Hikvision,Government,22.303826,73.195908,Local NVR,30,2022,Active,TRUE
CAM01822,Vadodara City,Home Department - Police,Ravpura,Analog PTZ,Dahua,Government,22.303679,73.196241,Cloud,30,2016,Active,TRUE
CAM01823,Vadodara City,Home Department - Police,Ravpura,IP Dome,Hikvision,Government,22.304268,73.196938,Cloud,7,2023,Active,TRUE
CAM01824,Vadodara City,Home Department - Police,Ravpura,IP Dome,Dahua,Government,22.303908,73.197345,Local NVR,15,2019,Active,TRUE
CAM01825,Vadodara City,Home Department - Police,Sama,Analog Dome,Hikvision,Government,22.345911,73.176523,Local NVR,30,2022,Maintenance,TRUE
CAM01826,Vadodara City,Home Department - Police,Sama,IP Bullet,Bosch,Government,22.346543,73.177385,Cloud,7,2017,Active,TRUE
CAM01827,Vadodara City,Home Department - Police,Sama,IP Dome,Hikvision,Government,22.345702,73.1765,Cloud,15,2024,Active,TRUE
CAM01828,Vadodara City,Home Department - Police,Sayajigunj,IP Bullet,Honeywell,Government,22.309244,73.182468,Local NVR,15,2018,Maintenance,TRUE
CAM01829,Vadodara City,Home Department - Police,Sayajigunj,Analog Dome,Dahua,Government,22.310211,73.183255,Local NVR,7,2016,Maintenance,TRUE
CAM01830,Vadodara City,Home Department - Police,Vadi,IP Bullet,CP Plus,Government,22.295757,73.209904,Local NVR,7,2016,Active,TRUE
CAM01831,Vadodara City,Home Department - Police,Vadi,Analog Dome,CP Plus,Government,22.296898,73.210591,Local NVR,7,2021,Active,TRUE
CAM01832,Vadodara City,Home Department - Police,Vadi,Analog PTZ,Dahua,Government,22.2966,73.211191,Local NVR,30,2025,Maintenance,TRUE
CAM01833,Vadodara City,Home Department - Police,Vadi,Analog PTZ,Dahua,Government,22.295923,73.209907,Cloud,15,2025,Active,TRUE
CAM01834,Vadodara City,Home Department - Police,Laxmipura,IP PTZ,Honeywell,Government,22.32689,73.139725,Local NVR,7,2016,Active,TRUE
CAM01835,Vadodara City,Home Department - Police,Laxmipura,IP Bullet,CP Plus,Government,22.326878,73.139908,Local NVR,30,2017,Active,TRUE
CAM01836,Vadodara City,Home Department - Police,Laxmipura,IP PTZ,Hikvision,Government,22.328271,73.140683,Cloud,30,2021,Active,TRUE
CAM01837,Vadodara City,Home Department - Police,Harni,IP Bullet,Dahua,Government,22.339433,73.220028,Cloud,15,2019,Maintenance,TRUE
CAM01838,Vadodara City,Home Department - Police,Harni,Analog Dome,CP Plus,Government,22.339809,73.220294,Local NVR,15,2022,Offline,TRUE
CAM01839,Vadodara City,Home Department - Police,Varasiya,IP Dome,Honeywell,Government,22.308626,73.219988,Cloud,7,2019,Active,TRUE
CAM01840,Vadodara City,Home Department - Police,Varasiya,IP Dome,Dahua,Government,22.309227,73.219755,Local NVR,15,2020,Offline,TRUE
CAM01841,Vadodara City,Home Department - Police,Varasiya,IP Bullet,CP Plus,Government,22.309842,73.218387,Local NVR,30,2021,Active,TRUE
CAM01842,Vadodara City,Home Department - Police,Varasiya,Analog PTZ,Hikvision,Government,22.308249,73.218963,Cloud,15,2016,Active,TRUE
CAM01843,Vadodara City,Home Department - Police,Nandesari,IP Dome,Hikvision,Government,22.414525,73.094354,Local NVR,7,2019,Active,TRUE
CAM01844,Vadodara City,Home Department - Police,Nandesari,Analog Dome,Honeywell,Government,22.413906,73.093981,Local NVR,15,2023,Active,TRUE
CAM01845,Vadodara City,Home Department - Police,Nandesari,IP Bullet,Hikvision,Government,22.414968,73.09354,Local NVR,30,2018,Maintenance,TRUE
CAM01846,Vadodara City,Home Department - Police,DCB,IP PTZ,CP Plus,Government,22.301667,73.214078,Cloud,30,2023,Active,TRUE
CAM01847,Vadodara City,Home Department - Police,DCB,Analog PTZ,Bosch,Government,22.302782,73.215027,Cloud,15,2020,Active,TRUE
CAM01848,Vadodara Rural,Home Department - Police,Bhadarwa,IP PTZ,Hikvision,Government,22.515236,73.130451,Cloud,30,2019,Maintenance,TRUE
CAM01849,Vadodara Rural,Home Department - Police,Bhadarwa,IP Dome,Dahua,Government,22.515752,73.130146,Local NVR,7,2019,Offline,TRUE
CAM01850,Vadodara Rural,Home Department - Police,Bhadarwa,IP Bullet,Dahua,Government,22.515407,73.130358,Local NVR,30,2024,Offline,TRUE
CAM01851,Vadodara Rural,Home Department - Police,Bhadarwa,IP PTZ,CP Plus,Government,22.515719,73.129458,Local NVR,15,2021,Maintenance,TRUE
CAM01852,Vadodara Rural,Home Department - Police,Chanod,Analog Dome,Bosch,Government,21.985761,73.454706,Local NVR,15,2023,Active,TRUE
CAM01853,Vadodara Rural,Home Department - Police,Chanod,Analog PTZ,Bosch,Government,21.985464,73.456033,Local NVR,30,2021,Active,TRUE
CAM01854,Vadodara Rural,Home Department - Police,Chanod,Analog Dome,Dahua,Government,21.985982,73.455058,Cloud,30,2018,Active,TRUE
CAM01855,Vadodara Rural,Home Department - Police,Dabhoi,IP Dome,Honeywell,Government,22.131484,73.425813,Cloud,30,2022,Active,TRUE
CAM01856,Vadodara Rural,Home Department - Police,Dabhoi,IP Bullet,CP Plus,Government,22.131036,73.425558,Local NVR,15,2024,Active,TRUE
CAM01857,Vadodara Rural,Home Department - Police,Desar,IP PTZ,Honeywell,Government,22.717617,73.291234,Local NVR,7,2024,Offline,TRUE
CAM01858,Vadodara Rural,Home Department - Police,Desar,IP Bullet,Bosch,Government,22.716932,73.290534,Cloud,30,2017,Active,TRUE
CAM01859,Vadodara Rural,Home Department - Police,Desar,IP Dome,Bosch,Government,22.717589,73.291408,Cloud,7,2024,Active,TRUE
CAM01860,Vadodara Rural,Home Department - Police,Karjan,Analog Dome,Hikvision,Government,22.05409,73.112615,Cloud,7,2019,Active,TRUE
CAM01861,Vadodara Rural,Home Department - Police,Karjan,IP Dome,Hikvision,Government,22.052786,73.112288,Local NVR,15,2018,Active,TRUE
CAM01862,Vadodara Rural,Home Department - Police,Mahila,Analog Dome,Dahua,Government,22.303251,73.195151,Local NVR,15,2016,Active,TRUE
CAM01863,Vadodara Rural,Home Department - Police,Mahila,IP PTZ,Honeywell,Government,22.301925,73.194731,Cloud,30,2025,Maintenance,TRUE
CAM01864,Vadodara Rural,Home Department - Police,Mahila,IP Dome,Dahua,Government,22.303309,73.19486,Local NVR,15,2021,Offline,TRUE
CAM01865,Vadodara Rural,Home Department - Police,Padara,IP PTZ,Hikvision,Government,22.241777,73.084361,Local NVR,7,2021,Maintenance,TRUE
CAM01866,Vadodara Rural,Home Department - Police,Padara,Analog Dome,Hikvision,Government,22.242382,73.08346,Cloud,7,2020,Active,TRUE
CAM01867,Vadodara Rural,Home Department - Police,Savli,IP PTZ,Hikvision,Government,22.557294,73.221977,Local NVR,15,2025,Offline,TRUE
CAM01868,Vadodara Rural,Home Department - Police,Savli,Analog Dome,Bosch,Government,22.558009,73.222908,Cloud,7,2019,Active,TRUE
CAM01869,Vadodara Rural,Home Department - Police,Savli,Analog Dome,Bosch,Government,22.557678,73.222585,Cloud,30,2016,Active,TRUE
CAM01870,Vadodara Rural,Home Department - Police,Shinor,IP Dome,Dahua,Government,21.910395,73.342237,Cloud,30,2024,Offline,TRUE
CAM01871,Vadodara Rural,Home Department - Police,Shinor,IP Bullet,Hikvision,Government,21.910784,73.342844,Local NVR,30,2020,Active,TRUE
CAM01872,Vadodara Rural,Home Department - Police,Shinor,IP Bullet,Bosch,Government,21.910668,73.342456,Local NVR,7,2017,Active,TRUE
CAM01873,Vadodara Rural,Home Department - Police,Vadodara Taluka,IP PTZ,Hikvision,Government,22.296346,73.204012,Local NVR,7,2018,Active,TRUE
CAM01874,Vadodara Rural,Home Department - Police,Vadodara Taluka,IP Bullet,Bosch,Government,22.295562,73.203789,Cloud,7,2023,Active,TRUE
CAM01875,Vadodara Rural,Home Department - Police,Vadodara Taluka,Analog Dome,Hikvision,Government,22.295201,73.203893,Local NVR,15,2025,Active,TRUE
CAM01876,Vadodara Rural,Home Department - Police,Vadugam,Analog Dome,Hikvision,Government,22.218122,72.981992,Local NVR,15,2021,Active,TRUE
CAM01877,Vadodara Rural,Home Department - Police,Vadugam,IP Dome,Hikvision,Government,22.21785,72.98172,Cloud,15,2022,Active,TRUE
CAM01878,Vadodara Rural,Home Department - Police,Vadugam,IP Bullet,Hikvision,Government,22.218202,72.98163,Cloud,7,2019,Active,TRUE
CAM01879,Vadodara Rural,Home Department - Police,Vadugam,Analog Dome,Dahua,Government,22.218375,72.981913,Local NVR,15,2023,Active,TRUE
CAM01880,Vadodara Rural,Home Department - Police,Vaghodia,IP Dome,CP Plus,Government,22.303334,73.403555,Cloud,7,2024,Active,TRUE
CAM01881,Vadodara Rural,Home Department - Police,Vaghodia,Analog PTZ,Hikvision,Government,22.30324,73.404074,Cloud,7,2016,Offline,TRUE
CAM01882,Vadodara Rural,Home Department - Police,Vaghodia,Analog PTZ,CP Plus,Government,22.304199,73.403865,Local NVR,7,2016,Maintenance,TRUE
CAM01883,Vadodara Rural,Home Department - Police,Vaghodia,IP PTZ,Bosch,Government,22.304442,73.403151,Cloud,7,2023,Active,TRUE
CAM01884,Vadodara Rural,Home Department - Police,Varnama,IP Bullet,CP Plus,Government,22.181555,73.182129,Cloud,7,2017,Maintenance,TRUE
CAM01885,Vadodara Rural,Home Department - Police,Varnama,IP Bullet,CP Plus,Government,22.181484,73.182777,Local NVR,30,2025,Active,TRUE
CAM01886,Vadodara Rural,Home Department - Police,Varnama,IP Dome,Bosch,Government,22.182248,73.18249,Cloud,15,2022,Maintenance,TRUE
CAM01887,Valsad,Home Department - Police,Dharampur,IP PTZ,Bosch,Government,20.537278,73.171882,Cloud,30,2021,Active,TRUE
CAM01888,Valsad,Home Department - Police,Dharampur,IP PTZ,CP Plus,Government,20.537794,73.172283,Cloud,30,2024,Offline,TRUE
CAM01889,Valsad,Home Department - Police,Dungri,IP Dome,Bosch,Government,20.690523,72.948402,Cloud,30,2025,Active,TRUE
CAM01890,Valsad,Home Department - Police,Dungri,Analog PTZ,Dahua,Government,20.690896,72.949666,Local NVR,15,2016,Maintenance,TRUE
CAM01891,Valsad,Home Department - Police,Dungri,Analog PTZ,Honeywell,Government,20.690798,72.950043,Local NVR,15,2021,Maintenance,TRUE
CAM01892,Valsad,Home Department - Police,Kaprada,Analog Dome,Honeywell,Government,20.343478,73.21963,Cloud,15,2025,Active,TRUE
CAM01893,Valsad,Home Department - Police,Kaprada,Analog Dome,Honeywell,Government,20.342764,73.219148,Cloud,15,2021,Active,TRUE
CAM01894,Valsad,Home Department - Police,Kaprada,Analog Dome,CP Plus,Government,20.344281,73.219842,Local NVR,15,2025,Active,TRUE
CAM01895,Valsad,Home Department - Police,Kaprada,IP Bullet,Dahua,Government,20.343619,73.218894,Local NVR,15,2020,Active,TRUE
CAM01896,Valsad,Home Department - Police,Mahila,IP Bullet,Dahua,Government,20.606585,72.928897,Cloud,30,2025,Active,TRUE
CAM01897,Valsad,Home Department - Police,Mahila,IP PTZ,Honeywell,Government,20.607105,72.928706,Cloud,7,2019,Active,TRUE
CAM01898,Valsad,Home Department - Police,Mahila,IP Bullet,Bosch,Government,20.606971,72.928081,Local NVR,7,2021,Maintenance,TRUE
CAM01899,Valsad,Home Department - Police,Mahila,IP PTZ,Honeywell,Government,20.606694,72.928198,Local NVR,7,2025,Active,TRUE
CAM01900,Valsad,Home Department - Police,Pardi,Analog Dome,Bosch,Government,20.516674,72.949324,Cloud,7,2022,Active,TRUE
CAM01901,Valsad,Home Department - Police,Pardi,IP PTZ,Honeywell,Government,20.518006,72.949559,Local NVR,30,2023,Offline,TRUE
CAM01902,Valsad,Home Department - Police,Pardi,IP PTZ,Honeywell,Government,20.517301,72.949578,Cloud,15,2022,Maintenance,TRUE
CAM01903,Valsad,Home Department - Police,Pardi,IP Dome,Dahua,Government,20.51724,72.949315,Cloud,7,2018,Active,TRUE
CAM01904,Valsad,Home Department - Police,Umargam,IP Dome,Bosch,Government,20.192987,72.749785,Cloud,7,2018,Offline,TRUE
CAM01905,Valsad,Home Department - Police,Umargam,Analog PTZ,Dahua,Government,20.192902,72.749023,Local NVR,7,2025,Active,TRUE
CAM01906,Valsad,Home Department - Police,Umargam,Analog Dome,Dahua,Government,20.193191,72.749909,Cloud,7,2020,Active,TRUE
CAM01907,Valsad,Home Department - Police,Umargam Marin,IP PTZ,CP Plus,Government,20.216044,72.750804,Cloud,7,2018,Active,TRUE
CAM01908,Valsad,Home Department - Police,Umargam Marin,IP PTZ,Hikvision,Government,20.216021,72.750537,Cloud,7,2020,Maintenance,TRUE
CAM01909,Valsad,Home Department - Police,Umargam Marin,IP Bullet,CP Plus,Government,20.215391,72.750259,Local NVR,7,2018,Active,TRUE
CAM01910,Valsad,Home Department - Police,Umargam Marin,Analog Dome,Bosch,Government,20.215423,72.749987,Local NVR,7,2025,Active,TRUE
CAM01911,Valsad,Home Department - Police,Valsad Rural,IP PTZ,CP Plus,Government,20.610014,72.929835,Local NVR,30,2023,Maintenance,TRUE
CAM01912,Valsad,Home Department - Police,Valsad Rural,IP PTZ,Bosch,Government,20.60853,72.930477,Local NVR,15,2019,Active,TRUE
CAM01913,Valsad,Home Department - Police,Valsad Town,Analog Dome,CP Plus,Government,20.606736,72.928409,Local NVR,7,2023,Active,TRUE
CAM01914,Valsad,Home Department - Police,Valsad Town,IP Bullet,Bosch,Government,20.606904,72.928969,Cloud,7,2022,Active,TRUE
CAM01915,Valsad,Home Department - Police,Valsad Town,IP Bullet,Bosch,Government,20.606458,72.928204,Local NVR,7,2020,Offline,TRUE
CAM01916,Valsad,Home Department - Police,Vapi GIDC,IP PTZ,Honeywell,Government,20.363401,72.92116,Local NVR,15,2016,Maintenance,TRUE
CAM01917,Valsad,Home Department - Police,Vapi GIDC,IP PTZ,Hikvision,Government,20.362276,72.921829,Local NVR,15,2023,Active,TRUE
CAM01918,Valsad,Home Department - Police,Vapi Town,IP PTZ,CP Plus,Government,20.372917,72.90713,Cloud,7,2020,Offline,TRUE
CAM01919,Valsad,Home Department - Police,Vapi Town,IP Dome,Bosch,Government,20.373594,72.906567,Local NVR,7,2019,Active,TRUE
CAM01920,Valsad,Home Department - Police,Dungara,Analog Dome,Hikvision,Government,20.336262,72.941053,Local NVR,7,2025,Offline,TRUE
CAM01921,Valsad,Home Department - Police,Dungara,IP Bullet,Bosch,Government,20.336667,72.941583,Local NVR,7,2020,Active,TRUE
CAM01922,Valsad,Home Department - Police,Nanapondha,IP Dome,Honeywell,Government,20.414157,73.12642,Cloud,30,2019,Active,TRUE
CAM01923,Valsad,Home Department - Police,Nanapondha,IP Bullet,CP Plus,Government,20.414115,73.126329,Cloud,7,2022,Offline,TRUE
CAM01924,Valsad,Home Department - Police,Nanapondha,Analog PTZ,CP Plus,Government,20.414879,73.125604,Cloud,15,2017,Offline,TRUE
CAM01925,Valsad,Home Department - Police,Bhilad,IP Bullet,Hikvision,Government,20.2688,72.885632,Local NVR,7,2018,Active,TRUE
CAM01926,Valsad,Home Department - Police,Bhilad,IP Dome,Bosch,Government,20.268422,72.885394,Cloud,7,2024,Active,TRUE
CAM01927,Valsad,Home Department - Police,Bhilad,Analog Dome,Dahua,Government,20.268342,72.886881,Local NVR,15,2019,Active,TRUE
CAM01928,Western Rly Vadodara,Home Department - Police,Anand Rly,IP Bullet,Honeywell,Government,22.561115,72.965598,Cloud,7,2019,Maintenance,TRUE
CAM01929,Western Rly Vadodara,Home Department - Police,Anand Rly,IP PTZ,Bosch,Government,22.561045,72.965917,Local NVR,30,2024,Maintenance,TRUE
CAM01930,Western Rly Vadodara,Home Department - Police,Anand Rly,Analog Dome,Honeywell,Government,22.562532,72.967098,Local NVR,15,2021,Offline,TRUE
CAM01931,Western Rly Vadodara,Home Department - Police,Bharuch Rly,IP Dome,CP Plus,Government,21.7036,73.000044,Cloud,30,2018,Active,TRUE
CAM01932,Western Rly Vadodara,Home Department - Police,Bharuch Rly,IP PTZ,Bosch,Government,21.704816,72.998708,Local NVR,15,2022,Active,TRUE
CAM01933,Western Rly Vadodara,Home Department - Police,Bharuch Rly,IP Bullet,Bosch,Government,21.703866,72.998858,Cloud,15,2016,Offline,TRUE
CAM01934,Western Rly Vadodara,Home Department - Police,Dabhoi Rly,IP Bullet,CP Plus,Government,22.136938,73.41612,Cloud,7,2022,Maintenance,TRUE
CAM01935,Western Rly Vadodara,Home Department - Police,Dabhoi Rly,Analog PTZ,CP Plus,Government,22.137141,73.41541,Local NVR,7,2023,Maintenance,TRUE
CAM01936,Western Rly Vadodara,Home Department - Police,Dabhoi Rly,IP Dome,Dahua,Government,22.138413,73.415133,Local NVR,7,2018,Active,TRUE
CAM01937,Western Rly Vadodara,Home Department - Police,Dabhoi Rly,IP Dome,Honeywell,Government,22.137523,73.415387,Local NVR,15,2022,Offline,TRUE
CAM01938,Western Rly Vadodara,Home Department - Police,Godhra Rly,IP Dome,Dahua,Government,22.776759,73.606981,Local NVR,7,2023,Active,TRUE
CAM01939,Western Rly Vadodara,Home Department - Police,Godhra Rly,IP Bullet,Honeywell,Government,22.77756,73.605599,Local NVR,7,2017,Active,TRUE
CAM01940,Western Rly Vadodara,Home Department - Police,Godhra Rly,IP Dome,Bosch,Government,22.776817,73.606435,Local NVR,15,2021,Offline,TRUE
CAM01941,Western Rly Vadodara,Home Department - Police,Godhra Rly,Analog PTZ,Hikvision,Government,22.776729,73.606419,Cloud,15,2020,Maintenance,TRUE
CAM01942,Western Rly Vadodara,Home Department - Police,Nadiad Rly,Analog Dome,Honeywell,Government,22.694156,72.85642,Cloud,7,2024,Maintenance,TRUE
CAM01943,Western Rly Vadodara,Home Department - Police,Nadiad Rly,IP Bullet,CP Plus,Government,22.693375,72.857641,Cloud,7,2020,Offline,TRUE
CAM01944,Western Rly Vadodara,Home Department - Police,Nadiad Rly,IP Dome,Dahua,Government,22.693472,72.857065,Cloud,7,2016,Active,TRUE
CAM01945,Western Rly Vadodara,Home Department - Police,Surat Rly,IP PTZ,Honeywell,Government,21.205025,72.840652,Local NVR,7,2018,Active,TRUE
CAM01946,Western Rly Vadodara,Home Department - Police,Surat Rly,Analog PTZ,Bosch,Government,21.205784,72.840194,Cloud,7,2016,Maintenance,TRUE
CAM01947,Western Rly Vadodara,Home Department - Police,Surat Rly,IP Dome,Hikvision,Government,21.205647,72.840198,Local NVR,15,2023,Offline,TRUE
CAM01948,Western Rly Vadodara,Home Department - Police,Vadodara Rly,Analog Dome,Honeywell,Government,22.311663,73.181531,Local NVR,30,2020,Active,TRUE
CAM01949,Western Rly Vadodara,Home Department - Police,Vadodara Rly,Analog Dome,Dahua,Government,22.310848,73.181202,Cloud,7,2025,Active,TRUE
CAM01950,Western Rly Vadodara,Home Department - Police,Vadodara Rly,Analog PTZ,Bosch,Government,22.310681,73.18049,Local NVR,7,2024,Offline,TRUE
CAM01951,Western Rly Vadodara,Home Department - Police,Vadodara Rly,IP Bullet,Honeywell,Government,22.310441,73.181554,Cloud,7,2017,Active,TRUE
CAM01952,Western Rly Vadodara,Home Department - Police,Valsad Rly,Analog Dome,Dahua,Government,20.608629,72.934367,Local NVR,30,2024,Maintenance,TRUE
CAM01953,Western Rly Vadodara,Home Department - Police,Valsad Rly,IP Bullet,CP Plus,Government,20.607755,72.933296,Local NVR,30,2017,Active,TRUE
CAM01954,Western Rly Vadodara,Home Department - Police,Valsad Rly,IP PTZ,Bosch,Government,20.608395,72.934367,Local NVR,7,2016,Maintenance,TRUE
CAM01955,Western Rly Vadodara,Home Department - Police,Dahod Rly,IP Dome,Dahua,Government,22.844789,74.251206,Cloud,15,2021,Maintenance,TRUE
CAM01956,Western Rly Vadodara,Home Department - Police,Dahod Rly,IP PTZ,Bosch,Government,22.844698,74.251318,Cloud,15,2019,Active,TRUE
CAM01957,Western Rly Vadodara,Home Department - Police,Dahod Rly,Analog Dome,Dahua,Government,22.844127,74.250902,Local NVR,7,2018,Active,TRUE
CAM01958,Western Rly Vadodara,Home Department - Police,Vapi Rly,Analog Dome,Bosch,Government,20.370602,72.909755,Local NVR,7,2018,Active,TRUE
CAM01959,Western Rly Vadodara,Home Department - Police,Vapi Rly,IP Dome,CP Plus,Government,20.372239,72.908432,Local NVR,15,2018,Active,TRUE
CAM01960,ACB,ACB,AHMEDABAD City ACB,Analog PTZ,Hikvision,Government,23.063095,72.598226,Cloud,30,2020,Active,TRUE
CAM01961,ACB,ACB,AHMEDABAD City ACB,IP Bullet,Bosch,Government,23.063844,72.599259,Local NVR,7,2019,Active,TRUE
CAM01962,ACB,ACB,AHMEDABAD City ACB,IP Dome,Honeywell,Government,23.063133,72.599261,Local NVR,7,2024,Active,TRUE
CAM01963,ACB,ACB,AHMEDABAD City ACB,Analog Dome,Hikvision,Government,23.062897,72.599687,Local NVR,30,2018,Active,TRUE
CAM01964,ACB,ACB,AHMEDABAD Rural AC,IP Bullet,Bosch,Government,23.062576,72.598861,Local NVR,15,2021,Offline,TRUE
CAM01965,ACB,ACB,AHMEDABAD Rural AC,IP PTZ,CP Plus,Government,23.062617,72.599329,Local NVR,30,2022,Active,TRUE
CAM01966,ACB,ACB,AHMEDABAD Rural AC,IP Dome,Hikvision,Government,23.062444,72.598983,Cloud,30,2018,Active,TRUE
CAM01967,ACB,ACB,AHMEDABAD Rural AC,IP Bullet,Hikvision,Government,23.062331,72.59995,Local NVR,15,2018,Active,TRUE
CAM01968,ACB,ACB,AMRELI ACB,IP Dome,Honeywell,Government,21.605561,71.217857,Local NVR,30,2022,Active,TRUE
CAM01969,ACB,ACB,AMRELI ACB,IP Bullet,Bosch,Government,21.606742,71.218171,Cloud,15,2021,Active,TRUE
CAM01970,ACB,ACB,AMRELI ACB,IP PTZ,CP Plus,Government,21.605218,71.218504,Local NVR,15,2020,Maintenance,TRUE
CAM01971,ACB,ACB,AMRELI ACB,IP Bullet,Dahua,Government,21.606541,71.218543,Local NVR,30,2023,Active,TRUE
CAM01972,ACB,ACB,ANAND ACB,Analog PTZ,Bosch,Government,22.542213,72.961902,Cloud,15,2018,Active,TRUE
CAM01973,ACB,ACB,ANAND ACB,Analog Dome,Honeywell,Government,22.540917,72.963163,Local NVR,15,2019,Active,TRUE
CAM01974,ACB,ACB,ANAND ACB,Analog PTZ,Dahua,Government,22.541947,72.962323,Local NVR,15,2016,Active,TRUE
CAM01975,ACB,ACB,ANAND ACB,IP Bullet,CP Plus,Government,22.540838,72.96296,Cloud,15,2024,Offline,TRUE
CAM01976,ACB,ACB,ARVALLI ACB,Analog Dome,Honeywell,Government,23.464956,73.297201,Cloud,15,2025,Active,TRUE
CAM01977,ACB,ACB,ARVALLI ACB,Analog PTZ,Honeywell,Government,23.464819,73.296894,Local NVR,7,2024,Active,TRUE
CAM01978,ACB,ACB,ARVALLI ACB,IP PTZ,Bosch,Government,23.464599,73.296333,Local NVR,30,2017,Offline,TRUE
CAM01979,ACB,ACB,BHARUCH ACB,IP PTZ,Dahua,Government,21.709418,72.991945,Local NVR,30,2019,Active,TRUE
CAM01980,ACB,ACB,BHARUCH ACB,Analog PTZ,Bosch,Government,21.709226,72.991645,Local NVR,7,2025,Offline,TRUE
CAM01981,ACB,ACB,BHAVNAGAR ACB,IP Bullet,Bosch,Government,21.767123,72.161514,Cloud,15,2023,Active,TRUE
CAM01982,ACB,ACB,BHAVNAGAR ACB,Analog Dome,Honeywell,Government,21.768776,72.161244,Local NVR,7,2020,Offline,TRUE
CAM01983,ACB,ACB,BOTAD ACB,Analog Dome,Hikvision,Government,22.10313,71.394152,Local NVR,30,2020,Active,TRUE
CAM01984,ACB,ACB,BOTAD ACB,IP Bullet,Bosch,Government,22.102661,71.393994,Local NVR,7,2017,Offline,TRUE
CAM01985,ACB,ACB,BOTAD ACB,IP Dome,Dahua,Government,22.102881,71.393026,Cloud,15,2022,Active,TRUE
CAM01986,ACB,ACB,BOTAD ACB,IP Bullet,Dahua,Government,22.101879,71.394676,Local NVR,15,2020,Active,TRUE
CAM01987,ACB,ACB,CHHOTAUDEPUR ACB,Analog PTZ,Dahua,Government,22.307961,74.011394,Cloud,7,2017,Active,TRUE
CAM01988,ACB,ACB,CHHOTAUDEPUR ACB,IP Bullet,Hikvision,Government,22.309166,74.012634,Local NVR,7,2016,Active,TRUE
CAM01989,ACB,ACB,CHHOTAUDEPUR ACB,Analog Dome,Bosch,Government,22.308971,74.011707,Cloud,15,2024,Offline,TRUE
CAM01990,ACB,ACB,DAHOD ACB,Analog PTZ,CP Plus,Government,22.843261,74.25162,Local NVR,7,2017,Offline,TRUE
CAM01991,ACB,ACB,DAHOD ACB,IP Dome,Hikvision,Government,22.843548,74.252285,Cloud,7,2025,Active,TRUE
CAM01992,ACB,ACB,DAHOD ACB,IP Bullet,Bosch,Government,22.842136,74.252446,Local NVR,7,2024,Active,TRUE
CAM01993,ACB,ACB,V-BHOOMI DWARKA A,IP PTZ,CP Plus,Government,22.22188,69.661508,Cloud,7,2024,Offline,TRUE
CAM01994,ACB,ACB,V-BHOOMI DWARKA A,IP Bullet,Bosch,Government,22.2216,69.662122,Local NVR,15,2017,Active,TRUE
CAM01995,ACB,ACB,V-BHOOMI DWARKA A,IP Dome,Bosch,Government,22.22161,69.661088,Cloud,7,2016,Offline,TRUE
CAM01996,ACB,ACB,Jamnagar ACB,Analog PTZ,Bosch,Government,22.45764,70.074332,Cloud,15,2021,Maintenance,TRUE
CAM01997,ACB,ACB,Jamnagar ACB,Analog Dome,Honeywell,Government,22.457762,70.074653,Cloud,30,2025,Active,TRUE
CAM01998,ACB,ACB,Jamnagar ACB,Analog PTZ,Hikvision,Government,22.458461,70.074132,Cloud,30,2024,Active,TRUE
CAM01999,ACB,ACB,GANDHINAGAR ACB,IP Dome,Hikvision,Government,23.218286,72.643627,Cloud,15,2020,Active,TRUE
CAM02000,ACB,ACB,GANDHINAGAR ACB,Analog PTZ,Dahua,Government,23.218977,72.643615,Local NVR,7,2018,Offline,TRUE
CAM02001,ACB,ACB,GIR SOMNATH ACB,IP PTZ,Hikvision,Government,20.906741,70.365037,Cloud,15,2020,Active,TRUE
CAM02002,ACB,ACB,GIR SOMNATH ACB,Analog Dome,Honeywell,Government,20.906939,70.36465,Cloud,15,2018,Active,TRUE
CAM02003,ACB,ACB,GIR SOMNATH ACB,Analog PTZ,Hikvision,Government,20.906777,70.364958,Cloud,30,2021,Active,TRUE
CAM02004,ACB,ACB,JUNAGADH ACB,Analog PTZ,Honeywell,Government,21.519271,70.459197,Cloud,30,2020,Offline,TRUE
CAM02005,ACB,ACB,JUNAGADH ACB,Analog PTZ,Honeywell,Government,21.519513,70.460347,Local NVR,7,2024,Maintenance,TRUE
CAM02006,ACB,ACB,JUNAGADH ACB,IP Dome,Dahua,Government,21.519184,70.458853,Local NVR,30,2022,Active,TRUE
CAM02007,ACB,ACB,JUNAGADH ACB,IP Dome,Hikvision,Government,21.518076,70.45895,Local NVR,7,2025,Maintenance,TRUE
CAM02008,ACB,ACB,KHEDA (nadiyad) ACB,Analog Dome,Honeywell,Government,22.699123,72.856075,Cloud,7,2018,Active,TRUE
CAM02009,ACB,ACB,KHEDA (nadiyad) ACB,IP Dome,Hikvision,Government,22.698695,72.85705,Local NVR,7,2025,Active,TRUE
CAM02010,ACB,ACB,KHEDA (nadiyad) ACB,IP Bullet,Bosch,Government,22.698697,72.857606,Cloud,30,2024,Offline,TRUE
CAM02011,ACB,ACB,MAHESANA ACB,IP PTZ,Honeywell,Government,23.601988,72.392194,Cloud,7,2019,Maintenance,TRUE
CAM02012,ACB,ACB,MAHESANA ACB,Analog Dome,Dahua,Government,23.60133,72.39208,Local NVR,7,2019,Maintenance,TRUE
CAM02013,ACB,ACB,MAHESANA ACB,Analog PTZ,Dahua,Government,23.602703,72.391621,Cloud,30,2025,Active,TRUE
CAM02014,ACB,ACB,MAHISAGAR ACB,IP Dome,Hikvision,Government,23.12284,73.600261,Local NVR,30,2023,Active,TRUE
CAM02015,ACB,ACB,MAHISAGAR ACB,IP Bullet,Honeywell,Government,23.123428,73.600338,Cloud,30,2025,Active,TRUE
CAM02016,ACB,ACB,MAHISAGAR ACB,IP Dome,Hikvision,Government,23.122322,73.599166,Local NVR,7,2019,Active,TRUE
CAM02017,ACB,ACB,MAHISAGAR ACB,IP Bullet,Hikvision,Government,23.122582,73.599297,Cloud,15,2016,Active,TRUE
CAM02018,ACB,ACB,MORBI ACB,Analog PTZ,Dahua,Government,22.823257,70.835528,Local NVR,15,2017,Offline,TRUE
CAM02019,ACB,ACB,MORBI ACB,IP Bullet,CP Plus,Government,22.824111,70.836066,Local NVR,15,2019,Active,TRUE
CAM02020,ACB,ACB,MORBI ACB,IP PTZ,Bosch,Government,22.824452,70.836813,Local NVR,15,2019,Active,TRUE
CAM02021,ACB,ACB,PALANPUR ACB,IP Dome,Bosch,Government,24.19233,72.43703,Local NVR,7,2016,Maintenance,TRUE
CAM02022,ACB,ACB,PALANPUR ACB,Analog PTZ,CP Plus,Government,24.192523,72.436713,Local NVR,7,2020,Maintenance,TRUE
CAM02023,ACB,ACB,PALANPUR ACB,IP PTZ,Dahua,Government,24.193738,72.437149,Local NVR,30,2025,Active,TRUE
CAM02024,ACB,ACB,PANCHAMAHAL ACB,IP PTZ,Dahua,Government,22.773497,73.61865,Cloud,15,2023,Active,TRUE
CAM02025,ACB,ACB,PANCHAMAHAL ACB,IP PTZ,Bosch,Government,22.773924,73.617335,Cloud,30,2019,Offline,TRUE
CAM02026,ACB,ACB,PANCHAMAHAL ACB,Analog PTZ,Honeywell,Government,22.77429,73.617355,Local NVR,30,2020,Active,TRUE
CAM02027,ACB,ACB,RAJKOT CITY ACB,IP PTZ,Hikvision,Government,22.297056,70.801836,Cloud,30,2020,Active,TRUE
CAM02028,ACB,ACB,RAJKOT CITY ACB,Analog Dome,Honeywell,Government,22.295938,70.801415,Cloud,30,2019,Maintenance,TRUE
CAM02029,ACB,ACB,RAJKOT CITY ACB,Analog PTZ,Honeywell,Government,22.297263,70.800912,Local NVR,30,2016,Active,TRUE
CAM02030,ACB,ACB,RAJKOT RURAL ACB,IP PTZ,Dahua,Government,22.29637,70.801243,Local NVR,30,2020,Active,TRUE
CAM02031,ACB,ACB,RAJKOT RURAL ACB,Analog Dome,Honeywell,Government,22.296636,70.802112,Local NVR,7,2025,Maintenance,TRUE
CAM02032,ACB,ACB,SABARKANTHA ACB,IP Dome,Dahua,Government,23.603031,72.96239,Local NVR,15,2021,Active,TRUE
CAM02033,ACB,ACB,SABARKANTHA ACB,Analog Dome,Hikvision,Government,23.602865,72.961676,Cloud,7,2022,Offline,TRUE
CAM02034,ACB,ACB,SABARKANTHA ACB,IP Bullet,Bosch,Government,23.60352,72.961204,Local NVR,30,2016,Active,TRUE
CAM02035,ACB,ACB,SURAT CITY ACB,IP Bullet,CP Plus,Government,21.188568,72.8116,Cloud,7,2023,Active,TRUE
CAM02036,ACB,ACB,SURAT CITY ACB,IP PTZ,Hikvision,Government,21.187516,72.810305,Local NVR,30,2025,Offline,TRUE
CAM02037,ACB,ACB,SURAT RURAL ACB,Analog Dome,Hikvision,Government,21.18895,72.810011,Cloud,15,2019,Offline,TRUE
CAM02038,ACB,ACB,SURAT RURAL ACB,IP Dome,Bosch,Government,21.188308,72.810975,Local NVR,30,2019,Active,TRUE
CAM02039,ACB,ACB,SURAT RURAL ACB,IP PTZ,CP Plus,Government,21.188525,72.811096,Local NVR,15,2016,Active,TRUE
CAM02040,ACB,ACB,SUREDRANAGAR ACB,Analog PTZ,Hikvision,Government,22.723664,71.621655,Local NVR,30,2025,Active,TRUE
CAM02041,ACB,ACB,SUREDRANAGAR ACB,IP Bullet,Hikvision,Government,22.724439,71.622598,Cloud,30,2024,Offline,TRUE
CAM02042,ACB,ACB,TAPI ACB,IP Bullet,Hikvision,Government,21.11475,73.386036,Cloud,7,2018,Active,TRUE
CAM02043,ACB,ACB,TAPI ACB,IP PTZ,CP Plus,Government,21.113905,73.38622,Cloud,7,2016,Active,TRUE
CAM02044,ACB,ACB,VADODARA city ACB,IP PTZ,CP Plus,Government,22.307901,73.180686,Cloud,7,2020,Maintenance,TRUE
CAM02045,ACB,ACB,VADODARA city ACB,Analog Dome,CP Plus,Government,22.30694,73.180627,Local NVR,7,2016,Active,TRUE
CAM02046,ACB,ACB,VADODARA city ACB,IP PTZ,Hikvision,Government,22.307635,73.1807,Local NVR,7,2018,Active,TRUE
CAM02047,ACB,ACB,VADODARA city ACB,Analog Dome,Honeywell,Government,22.306738,73.181255,Local NVR,15,2024,Active,TRUE
CAM02048,ACB,ACB,VADODARA Rural ACB,IP PTZ,CP Plus,Government,22.307218,73.18134,Local NVR,15,2023,Active,TRUE
CAM02049,ACB,ACB,VADODARA Rural ACB,IP Bullet,Bosch,Government,22.306727,73.180704,Local NVR,15,2016,Offline,TRUE
CAM02050,ACB,ACB,VADODARA Rural ACB,IP Dome,CP Plus,Government,22.307096,73.180483,Cloud,7,2025,Offline,TRUE
CAM02051,ACB,ACB,VADODARA Rural ACB,IP PTZ,Honeywell,Government,22.307968,73.180523,Cloud,7,2023,Offline,TRUE
CAM02052,ACB,ACB,VALASAD DANG ACB,IP Bullet,Hikvision,Government,20.606562,72.928765,Cloud,7,2018,Offline,TRUE
CAM02053,ACB,ACB,VALASAD DANG ACB,IP Dome,Dahua,Government,20.606586,72.928958,Local NVR,15,2024,Offline,TRUE
CAM02054,ACB,ACB,KUTCH(WEST) ACB,IP Bullet,CP Plus,Government,23.255711,69.664649,Cloud,30,2023,Active,TRUE
CAM02055,ACB,ACB,KUTCH(WEST) ACB,IP PTZ,Honeywell,Government,23.255152,69.665695,Cloud,30,2017,Active,TRUE
CAM02056,ACB,ACB,NAVASARI ACB,IP Dome,Hikvision,Government,20.950181,72.929815,Cloud,7,2021,Active,TRUE
CAM02057,ACB,ACB,NAVASARI ACB,Analog PTZ,CP Plus,Government,20.951438,72.93062,Cloud,7,2017,Active,TRUE
CAM02058,ACB,ACB,NAVASARI ACB,Analog Dome,Dahua,Government,20.95075,72.930768,Cloud,30,2023,Offline,TRUE
CAM02059,ACB,ACB,NARMADA ACB,IP PTZ,Hikvision,Government,21.881895,73.503979,Local NVR,15,2021,Active,TRUE
CAM02060,ACB,ACB,NARMADA ACB,Analog Dome,Honeywell,Government,21.880887,73.503182,Local NVR,15,2018,Maintenance,TRUE
CAM02061,ACB,ACB,PATAN ACB,Analog PTZ,Honeywell,Government,23.851442,72.139092,Cloud,15,2018,Maintenance,TRUE
CAM02062,ACB,ACB,PATAN ACB,IP Dome,Hikvision,Government,23.850648,72.139867,Cloud,7,2023,Active,TRUE
CAM02063,ACB,ACB,PATAN ACB,IP Dome,Dahua,Government,23.851398,72.139634,Local NVR,30,2021,Active,TRUE
CAM02064,ACB,ACB,PATAN ACB,IP PTZ,CP Plus,Government,23.850533,72.139967,Local NVR,30,2019,Active,TRUE
CAM02065,ACB,ACB,PORBANDAR ACB,IP Bullet,Honeywell,Government,21.638988,69.66812,Local NVR,30,2020,Active,TRUE
CAM02066,ACB,ACB,PORBANDAR ACB,IP Dome,Bosch,Government,21.639318,69.668103,Cloud,7,2023,Maintenance,TRUE
CAM02067,ACB,ACB,PORBANDAR ACB,Analog Dome,Dahua,Government,21.639407,69.669138,Cloud,30,2023,Offline,TRUE
CAM02068,ACB,ACB,KUTCH(EAST) ACB,IP Dome,Bosch,Government,23.07207,70.138093,Local NVR,30,2016,Active,TRUE
CAM02069,ACB,ACB,KUTCH(EAST) ACB,Analog PTZ,Dahua,Government,23.073446,70.139631,Cloud,30,2016,Maintenance,TRUE
CAM02070,CID Crime,CID Crime,Ahmedabad Zone,IP PTZ,CP Plus,Government,23.056082,72.612603,Cloud,15,2019,Active,TRUE
CAM02071,CID Crime,CID Crime,Ahmedabad Zone,IP PTZ,Honeywell,Government,23.054933,72.613366,Local NVR,30,2018,Active,TRUE
CAM02072,CID Crime,CID Crime,Ahmedabad Zone,IP PTZ,Dahua,Government,23.055436,72.613316,Cloud,7,2020,Active,TRUE
CAM02073,CID Crime,CID Crime,Border Zone Kutch,IP PTZ,CP Plus,Government,23.242462,69.666265,Cloud,15,2024,Active,TRUE
CAM02074,CID Crime,CID Crime,Border Zone Kutch,Analog PTZ,Bosch,Government,23.241248,69.667602,Cloud,15,2022,Active,TRUE
CAM02075,CID Crime,CID Crime,Border Zone Kutch,IP Bullet,Bosch,Government,23.242464,69.667589,Cloud,30,2016,Active,TRUE
CAM02076,CID Crime,CID Crime,Gandhinagar Zone,IP Dome,Hikvision,Government,23.239006,72.67187,Local NVR,15,2019,Active,TRUE
CAM02077,CID Crime,CID Crime,Gandhinagar Zone,Analog Dome,Honeywell,Government,23.238768,72.672037,Cloud,7,2020,Active,TRUE
CAM02078,CID Crime,CID Crime,Gandhinagar Zone,Analog Dome,CP Plus,Government,23.238691,72.672534,Local NVR,15,2024,Active,TRUE
CAM02079,CID Crime,CID Crime,Rajkot Zone,IP Dome,Dahua,Government,22.306037,70.79596,Cloud,15,2021,Active,TRUE
CAM02080,CID Crime,CID Crime,Rajkot Zone,IP Bullet,Honeywell,Government,22.305307,70.795094,Local NVR,30,2021,Active,TRUE
CAM02081,CID Crime,CID Crime,Rajkot Zone,IP Bullet,Hikvision,Government,22.306529,70.794925,Cloud,7,2019,Offline,TRUE
CAM02082,CID Crime,CID Crime,Surat Zone,Analog Dome,Hikvision,Government,21.188318,72.811325,Cloud,7,2017,Offline,TRUE
CAM02083,CID Crime,CID Crime,Surat Zone,IP Bullet,CP Plus,Government,21.187536,72.811249,Local NVR,30,2023,Active,TRUE
CAM02084,CID Crime,CID Crime,Surat Zone,IP Dome,Hikvision,Government,21.18917,72.810098,Cloud,30,2022,Offline,TRUE
CAM02085,CID Crime,CID Crime,Vadodara Zone,IP Dome,Bosch,Government,22.302371,73.192308,Local NVR,30,2022,Offline,TRUE
CAM02086,CID Crime,CID Crime,Vadodara Zone,IP Bullet,Hikvision,Government,22.302611,73.191738,Cloud,30,2018,Active,TRUE
CAM02087,CID Crime,CID Crime,Vadodara Zone,IP Bullet,Honeywell,Government,22.301608,73.192466,Cloud,7,2024,Maintenance,TRUE
CAM02088,ATS,Home Department - Police,"ATS, Ahmedabad",Analog PTZ,Honeywell,Government,23.126705,72.541275,Cloud,30,2020,Maintenance,TRUE
CAM02089,ATS,Home Department - Police,"ATS, Ahmedabad",IP PTZ,Dahua,Government,23.127505,72.541598,Local NVR,7,2019,Active,TRUE
CAM02090,ATS,Home Department - Police,"ATS, Ahmedabad",Analog Dome,Honeywell,Government,23.125992,72.541097,Local NVR,7,2017,Offline,TRUE
